 Image apache/airflow:3.0.3 Pulling 
 Image postgres:13 Pulling 
 Image redis:7.2-bookworm Pulling 
 4f4fb700ef54 Pulling fs layer 0B
 735466958c33 Pulling fs layer 0B
 792a64aee904 Pulling fs layer 0B
 37259e733066 Pulling fs layer 0B
 9cfc9105abfc Pulling fs layer 0B
 6e88b4602d85 Pulling fs layer 0B
 a9f5cb6144f4 Pulling fs layer 0B
 ece23617e805 Pulling fs layer 0B
 bc1553d269cf Pulling fs layer 0B
 8c3c9b0c8796 Pulling fs layer 0B
 f84609347f5a Pulling fs layer 0B
 5646967d67fc Pulling fs layer 0B
 665dda7d2647 Pulling fs layer 0B
 913610d1e990 Pulling fs layer 0B
 d7af9f4bb010 Pulling fs layer 0B
 e72f246b3902 Pulling fs layer 0B
 0d462175be1e Pulling fs layer 0B
 0c293f492917 Pulling fs layer 0B
 01690fa62f24 Pulling fs layer 0B
 3d886dcefb66 Pulling fs layer 0B
 df0f7b304e58 Pulling fs layer 0B
 ece23617e805 Downloading 1.049MB
 ece23617e805 Downloading 2.097MB
 ece23617e805 Downloading 3.146MB
 792a64aee904 Download complete 0B
 ece23617e805 Downloading 3.65MB
 01690fa62f24 Download complete 0B
 ece23617e805 Downloading 5.243MB
 a9f5cb6144f4 Download complete 0B
 0d462175be1e Download complete 0B
 8c3c9b0c8796 Download complete 0B
 4f4fb700ef54 Download complete 0B
 ece23617e805 Downloading 6.291MB
 d7af9f4bb010 Download complete 0B
 df0f7b304e58 Download complete 0B
 9cfc9105abfc Download complete 0B
 ece23617e805 Downloading 7.34MB
 bc1553d269cf Download complete 0B
 e72f246b3902 Download complete 0B
 3d886dcefb66 Download complete 0B
 5646967d67fc Download complete 0B
 0c293f492917 Download complete 0B
 665dda7d2647 Download complete 0B
 ece23617e805 Downloading 7.34MB
 ece23617e805 Downloading 7.34MB
 ece23617e805 Downloading 7.34MB
 33c3ec35f5cb Download complete 0B
 ece23617e805 Downloading 9.437MB
 ece23617e805 Downloading 9.437MB
 735466958c33 Downloading 1.049MB
 ece23617e805 Downloading 11.53MB
 ece23617e805 Downloading 11.53MB
 735466958c33 Downloading 1.049MB
 735466958c33 Downloading 1.049MB
 ece23617e805 Downloading 11.53MB
 735466958c33 Downloading 1.049MB
 ece23617e805 Downloading 13.59MB
 37259e733066 Downloading 1.049MB
 735466958c33 Downloading 1.049MB
 ece23617e805 Download complete 0B
 37259e733066 Downloading 1.049MB
 735466958c33 Downloading 1.049MB
 735466958c33 Downloading 1.049MB
 37259e733066 Downloading 1.049MB
 735466958c33 Downloading 1.049MB
 37259e733066 Downloading 1.049MB
 37259e733066 Downloading 1.049MB
 6e88b4602d85 Downloading 1.049MB
 735466958c33 Downloading 2.097MB
 f84609347f5a Downloading 1.049MB
 f84609347f5a Downloading 1.049MB
 37259e733066 Downloading 1.049MB
 6e88b4602d85 Downloading 1.049MB
 735466958c33 Downloading 2.097MB
 6e88b4602d85 Downloading 1.049MB
 735466958c33 Downloading 2.097MB
 f84609347f5a Downloading 1.049MB
 37259e733066 Downloading 2.097MB
 735466958c33 Downloading 3.146MB
 f84609347f5a Downloading 1.049MB
 37259e733066 Downloading 2.097MB
 6e88b4602d85 Downloading 1.049MB
 f84609347f5a Downloading 1.049MB
 37259e733066 Downloading 2.097MB
 6e88b4602d85 Downloading 1.049MB
 735466958c33 Downloading 3.146MB
 37259e733066 Downloading 2.097MB
 6e88b4602d85 Downloading 1.049MB
 735466958c33 Downloading 3.146MB
 f84609347f5a Downloading 1.049MB
 37259e733066 Downloading 2.097MB
 6e88b4602d85 Downloading 1.049MB
 735466958c33 Downloading 3.146MB
 f84609347f5a Downloading 1.049MB
 913610d1e990 Downloading 1.049MB
 735466958c33 Downloading 3.146MB
 f84609347f5a Downloading 2.097MB
 913610d1e990 Downloading 1.049MB
 37259e733066 Downloading 3.146MB
 6e88b4602d85 Downloading 2.097MB
 735466958c33 Downloading 4.194MB
 f84609347f5a Downloading 2.097MB
 913610d1e990 Downloading 1.049MB
 37259e733066 Downloading 3.146MB
 6e88b4602d85 Downloading 2.097MB
 735466958c33 Downloading 4.194MB
 f84609347f5a Downloading 2.097MB
 913610d1e990 Downloading 1.049MB
 37259e733066 Downloading 3.146MB
 6e88b4602d85 Downloading 2.097MB
 f84609347f5a Downloading 2.097MB
 913610d1e990 Downloading 1.049MB
 37259e733066 Downloading 3.146MB
 6e88b4602d85 Downloading 2.097MB
 735466958c33 Downloading 4.194MB
 9830e9766e5f Pulling fs layer 0B
 bb74cba8e387 Pulling fs layer 0B
 1de5cb393304 Pulling fs layer 0B
 fa7624935209 Pulling fs layer 0B
 67a0685eff33 Pulling fs layer 0B
 e77a22e259ea Pulling fs layer 0B
 9dd2f137d98b Pulling fs layer 0B
 289ba9b84cf8 Pulling fs layer 0B
 81c1bd4a8bc2 Pulling fs layer 0B
 2b148d8d601c Pulling fs layer 0B
 8e69676c8795 Pulling fs layer 0B
 51365f04b688 Pulling fs layer 0B
 5900f9d8e37a Pulling fs layer 0B
 c6e27ff4af67 Pulling fs layer 0B
 f84609347f5a Downloading 2.097MB
 913610d1e990 Downloading 1.049MB
 37259e733066 Downloading 4.194MB
 6e88b4602d85 Downloading 2.097MB
 735466958c33 Downloading 4.194MB
 37259e733066 Downloading 4.194MB
 6e88b4602d85 Downloading 2.097MB
 735466958c33 Downloading 5.243MB
 f84609347f5a Downloading 2.097MB
 913610d1e990 Downloading 1.049MB
 37259e733066 Downloading 4.194MB
 6e88b4602d85 Downloading 3.146MB
 735466958c33 Downloading 5.243MB
 f84609347f5a Downloading 3.146MB
 913610d1e990 Downloading 1.049MB
 735466958c33 Downloading 5.243MB
 f84609347f5a Downloading 3.146MB
 913610d1e990 Downloading 2.097MB
 37259e733066 Downloading 5.243MB
 6e88b4602d85 Downloading 3.146MB
 f84609347f5a Downloading 3.146MB
 913610d1e990 Downloading 2.097MB
 37259e733066 Downloading 5.243MB
 6e88b4602d85 Download complete 0B
 735466958c33 Downloading 5.243MB
 9709f4bf79ca Download complete 0B
 735466958c33 Downloading 6.291MB
 f84609347f5a Downloading 3.146MB
 913610d1e990 Downloading 2.097MB
 37259e733066 Downloading 5.243MB
 37259e733066 Downloading 6.291MB
 735466958c33 Downloading 6.291MB
 f84609347f5a Downloading 3.146MB
 913610d1e990 Downloading 2.097MB
 f84609347f5a Downloading 3.146MB
 913610d1e990 Downloading 2.097MB
 37259e733066 Downloading 6.291MB
 735466958c33 Downloading 6.291MB
 735466958c33 Downloading 6.291MB
 f84609347f5a Downloading 3.146MB
 913610d1e990 Downloading 2.097MB
 37259e733066 Downloading 6.291MB
 735466958c33 Downloading 6.291MB
 f84609347f5a Downloading 3.146MB
 913610d1e990 Downloading 2.097MB
 37259e733066 Downloading 6.291MB
 1de5cb393304 Download complete 0B
 735466958c33 Downloading 7.34MB
 f84609347f5a Downloading 4.194MB
 913610d1e990 Downloading 2.097MB
 37259e733066 Downloading 7.34MB
 37259e733066 Downloading 7.34MB
 735466958c33 Downloading 7.34MB
 f84609347f5a Downloading 4.194MB
 913610d1e990 Downloading 3.146MB
 e77a22e259ea Download complete 0B
 fa7624935209 Downloading 9.45kB
 735466958c33 Downloading 7.34MB
 f84609347f5a Downloading 4.194MB
 913610d1e990 Downloading 3.146MB
 37259e733066 Downloading 7.34MB
 fa7624935209 Download complete 0B
 9dd2f137d98b Download complete 0B
 8e69676c8795 Download complete 0B
 81c1bd4a8bc2 Download complete 0B
 5900f9d8e37a Download complete 0B
 67a0685eff33 Download complete 0B
 37259e733066 Downloading 8.389MB
 735466958c33 Downloading 8.389MB
 f84609347f5a Downloading 4.194MB
 913610d1e990 Downloading 3.146MB
 735466958c33 Downloading 8.389MB
 f84609347f5a Downloading 4.194MB
 913610d1e990 Downloading 3.146MB
 37259e733066 Downloading 8.389MB
 735466958c33 Downloading 8.389MB
 f84609347f5a Downloading 4.194MB
 913610d1e990 Downloading 3.146MB
 37259e733066 Downloading 8.389MB
 913610d1e990 Downloading 3.146MB
 37259e733066 Downloading 8.389MB
 735466958c33 Downloading 8.389MB
 f84609347f5a Downloading 5.243MB
 735466958c33 Downloading 8.389MB
 f84609347f5a Downloading 5.243MB
 913610d1e990 Downloading 3.146MB
 37259e733066 Downloading 8.389MB
 bb74cba8e387 Downloading 1.049MB
 735466958c33 Downloading 9.437MB
 f84609347f5a Downloading 5.243MB
 913610d1e990 Downloading 3.146MB
 37259e733066 Downloading 9.437MB
 bb74cba8e387 Downloading 1.049MB
 f84609347f5a Downloading 5.243MB
 913610d1e990 Downloading 4.194MB
 37259e733066 Downloading 9.437MB
 735466958c33 Downloading 9.437MB
 bb74cba8e387 Downloading 1.049MB
 735466958c33 Downloading 9.437MB
 f84609347f5a Downloading 5.243MB
 913610d1e990 Downloading 4.194MB
 37259e733066 Downloading 9.437MB
 bb74cba8e387 Downloading 1.049MB
 d678f3ae3689 Downloading 1.049MB
 735466958c33 Downloading 9.437MB
 f84609347f5a Downloading 5.243MB
 913610d1e990 Downloading 4.194MB
 37259e733066 Downloading 9.437MB
 bb74cba8e387 Downloading 1.049MB
 d678f3ae3689 Downloading 1.049MB
 735466958c33 Downloading 9.437MB
 f84609347f5a Downloading 5.243MB
 913610d1e990 Downloading 4.194MB
 37259e733066 Downloading 10.49MB
 bb74cba8e387 Downloading 1.049MB
 d678f3ae3689 Downloading 1.049MB
 f84609347f5a Downloading 5.243MB
 913610d1e990 Downloading 4.194MB
 37259e733066 Downloading 10.49MB
 735466958c33 Downloading 9.437MB
 bb74cba8e387 Downloading 1.049MB
 d678f3ae3689 Downloading 1.049MB
 f84609347f5a Downloading 6.291MB
 913610d1e990 Downloading 4.194MB
 37259e733066 Downloading 10.49MB
 735466958c33 Downloading 10.49MB
 bb74cba8e387 Downloading 1.049MB
 d678f3ae3689 Downloading 1.049MB
 735466958c33 Downloading 10.49MB
 f84609347f5a Downloading 6.291MB
 913610d1e990 Downloading 4.194MB
 37259e733066 Downloading 10.49MB
 d678f3ae3689 Downloading 1.049MB
 bb74cba8e387 Downloading 1.049MB
 f84609347f5a Downloading 6.291MB
 913610d1e990 Downloading 4.194MB
 37259e733066 Downloading 10.49MB
 735466958c33 Downloading 10.49MB
 bb74cba8e387 Downloading 2.097MB
 d678f3ae3689 Downloading 1.049MB
 f84609347f5a Downloading 6.291MB
 913610d1e990 Downloading 4.194MB
 37259e733066 Downloading 11.53MB
 735466958c33 Downloading 11.53MB
 bb74cba8e387 Downloading 2.097MB
 d678f3ae3689 Downloading 1.049MB
 735466958c33 Downloading 11.53MB
 f84609347f5a Downloading 6.291MB
 913610d1e990 Downloading 5.243MB
 37259e733066 Downloading 11.53MB
 bb74cba8e387 Downloading 2.097MB
 d678f3ae3689 Downloading 1.049MB
 f84609347f5a Downloading 6.291MB
 913610d1e990 Downloading 5.243MB
 37259e733066 Downloading 11.53MB
 735466958c33 Downloading 11.53MB
 bb74cba8e387 Downloading 2.097MB
 d678f3ae3689 Downloading 1.049MB
 735466958c33 Downloading 11.53MB
 f84609347f5a Downloading 6.291MB
 913610d1e990 Downloading 5.243MB
 37259e733066 Downloading 11.53MB
 bb74cba8e387 Downloading 2.097MB
 d678f3ae3689 Downloading 1.049MB
 735466958c33 Downloading 11.53MB
 f84609347f5a Downloading 7.34MB
 913610d1e990 Downloading 5.243MB
 37259e733066 Downloading 11.53MB
 d678f3ae3689 Downloading 1.049MB
 c6e27ff4af67 Downloading 1.049MB
 bb74cba8e387 Downloading 2.097MB
 735466958c33 Downloading 11.53MB
 f84609347f5a Downloading 7.34MB
 913610d1e990 Downloading 5.243MB
 37259e733066 Downloading 11.53MB
 d678f3ae3689 Downloading 2.097MB
 c6e27ff4af67 Download complete 0B
 bb74cba8e387 Downloading 2.097MB
 913610d1e990 Downloading 5.243MB
 37259e733066 Downloading 12.58MB
 735466958c33 Downloading 12.58MB
 f84609347f5a Downloading 7.34MB
 bb74cba8e387 Downloading 2.097MB
 d678f3ae3689 Downloading 2.097MB
 735466958c33 Downloading 12.58MB
 f84609347f5a Downloading 7.34MB
 913610d1e990 Downloading 5.243MB
 37259e733066 Downloading 12.58MB
 bb74cba8e387 Downloading 2.097MB
 d678f3ae3689 Downloading 2.097MB
 37259e733066 Downloading 12.58MB
 735466958c33 Downloading 12.58MB
 f84609347f5a Downloading 7.34MB
 913610d1e990 Downloading 5.243MB
 bb74cba8e387 Downloading 3.146MB
 d678f3ae3689 Downloading 2.097MB
 51365f04b688 Downloading 1.049MB
 735466958c33 Downloading 12.58MB
 f84609347f5a Downloading 7.34MB
 913610d1e990 Downloading 5.243MB
 37259e733066 Downloading 12.58MB
 bb74cba8e387 Downloading 3.146MB
 d678f3ae3689 Downloading 2.097MB
 51365f04b688 Downloading 1.049MB
 735466958c33 Downloading 12.58MB
 f84609347f5a Downloading 8.389MB
 913610d1e990 Downloading 6.291MB
 37259e733066 Downloading 12.58MB
 51365f04b688 Downloading 1.049MB
 bb74cba8e387 Downloading 3.146MB
 d678f3ae3689 Downloading 2.097MB
 9830e9766e5f Downloading 1.049MB
 289ba9b84cf8 Downloading 1.049MB
 913610d1e990 Downloading 6.291MB
 37259e733066 Downloading 13.63MB
 735466958c33 Downloading 13.63MB
 f84609347f5a Downloading 8.389MB
 d678f3ae3689 Downloading 2.097MB
 9830e9766e5f Downloading 1.049MB
 289ba9b84cf8 Downloading 1.049MB
 51365f04b688 Downloading 1.049MB
 bb74cba8e387 Downloading 3.146MB
 735466958c33 Downloading 13.63MB
 f84609347f5a Downloading 8.389MB
 913610d1e990 Downloading 6.291MB
 37259e733066 Downloading 13.63MB
 bb74cba8e387 Downloading 3.146MB
 d678f3ae3689 Downloading 2.097MB
 9830e9766e5f Downloading 1.049MB
 289ba9b84cf8 Downloading 1.049MB
 51365f04b688 Downloading 1.049MB
 735466958c33 Downloading 13.63MB
 f84609347f5a Downloading 8.389MB
 913610d1e990 Downloading 6.291MB
 37259e733066 Downloading 13.63MB
 bb74cba8e387 Downloading 3.146MB
 d678f3ae3689 Downloading 2.097MB
 9830e9766e5f Downloading 1.049MB
 289ba9b84cf8 Downloading 1.049MB
 51365f04b688 Downloading 1.049MB
 f84609347f5a Downloading 8.389MB
 913610d1e990 Downloading 6.291MB
 37259e733066 Downloading 13.63MB
 735466958c33 Downloading 13.63MB
 bb74cba8e387 Downloading 3.146MB
 d678f3ae3689 Downloading 2.097MB
 9830e9766e5f Download complete 0B
 289ba9b84cf8 Downloading 1.049MB
 51365f04b688 Downloading 1.049MB
 37259e733066 Downloading 13.63MB
 735466958c33 Downloading 13.63MB
 f84609347f5a Downloading 8.389MB
 913610d1e990 Downloading 6.291MB
 289ba9b84cf8 Downloading 1.049MB
 51365f04b688 Downloading 1.049MB
 bb74cba8e387 Downloading 3.146MB
 d678f3ae3689 Downloading 3.146MB
 735466958c33 Downloading 14.68MB
 f84609347f5a Downloading 8.389MB
 913610d1e990 Downloading 6.291MB
 37259e733066 Downloading 13.63MB
 bb74cba8e387 Downloading 3.146MB
 d678f3ae3689 Downloading 3.146MB
 289ba9b84cf8 Downloading 1.049MB
 51365f04b688 Downloading 1.049MB
 735466958c33 Downloading 14.68MB
 f84609347f5a Downloading 9.437MB
 913610d1e990 Downloading 7.34MB
 37259e733066 Downloading 14.68MB
 bb74cba8e387 Downloading 4.194MB
 d678f3ae3689 Downloading 3.146MB
 289ba9b84cf8 Downloading 1.049MB
 51365f04b688 Downloading 1.049MB
 735466958c33 Downloading 14.68MB
 f84609347f5a Downloading 9.437MB
 913610d1e990 Downloading 7.34MB
 37259e733066 Downloading 14.68MB
 d678f3ae3689 Downloading 3.146MB
 289ba9b84cf8 Downloading 1.049MB
 51365f04b688 Downloading 1.049MB
 bb74cba8e387 Downloading 4.194MB
 37259e733066 Downloading 14.68MB
 735466958c33 Downloading 14.68MB
 f84609347f5a Downloading 9.437MB
 913610d1e990 Downloading 7.34MB
 cde74f8ea10c Pulling fs layer 0B
 4f4fb700ef54 Pulling fs layer 0B
 e64a5a3c1c27 Pulling fs layer 0B
 87d5498df706 Pulling fs layer 0B
 402614bd39aa Pulling fs layer 0B
 45778d4070f1 Pulling fs layer 0B
 6dbea32583b6 Pulling fs layer 0B
 bb74cba8e387 Downloading 4.194MB
 d678f3ae3689 Downloading 3.146MB
 289ba9b84cf8 Downloading 1.049MB
 51365f04b688 Downloading 1.049MB
 37259e733066 Downloading 14.68MB
 735466958c33 Downloading 15.73MB
 f84609347f5a Downloading 9.437MB
 913610d1e990 Downloading 7.34MB
 4f4fb700ef54 Already exists 0B
 289ba9b84cf8 Downloading 1.049MB
 51365f04b688 Downloading 1.049MB
 bb74cba8e387 Downloading 4.194MB
 d678f3ae3689 Downloading 3.146MB
 735466958c33 Downloading 15.73MB
 f84609347f5a Downloading 9.437MB
 913610d1e990 Downloading 7.34MB
 37259e733066 Downloading 14.68MB
 bb74cba8e387 Downloading 4.194MB
 d678f3ae3689 Downloading 3.146MB
 2b148d8d601c Downloading 1.049MB
 289ba9b84cf8 Downloading 1.049MB
 51365f04b688 Downloading 1.049MB
 37259e733066 Downloading 15.73MB
 735466958c33 Downloading 15.73MB
 f84609347f5a Downloading 9.437MB
 913610d1e990 Downloading 7.34MB
 bb74cba8e387 Downloading 4.194MB
 d678f3ae3689 Downloading 3.146MB
 2b148d8d601c Downloading 1.049MB
 289ba9b84cf8 Downloading 1.049MB
 51365f04b688 Downloading 1.049MB
 37259e733066 Downloading 15.73MB
 735466958c33 Downloading 15.73MB
 f84609347f5a Downloading 9.437MB
 913610d1e990 Downloading 7.34MB
 2b148d8d601c Downloading 1.049MB
 289ba9b84cf8 Downloading 1.049MB
 51365f04b688 Downloading 1.049MB
 bb74cba8e387 Downloading 4.194MB
 d678f3ae3689 Downloading 3.146MB
 f84609347f5a Downloading 9.437MB
 913610d1e990 Downloading 7.34MB
 37259e733066 Downloading 15.73MB
 735466958c33 Downloading 15.73MB
 51365f04b688 Downloading 1.049MB
 bb74cba8e387 Downloading 4.194MB
 d678f3ae3689 Downloading 3.146MB
 2b148d8d601c Downloading 1.049MB
 289ba9b84cf8 Downloading 1.049MB
 735466958c33 Downloading 16.78MB
 f84609347f5a Downloading 10.49MB
 913610d1e990 Downloading 8.389MB
 37259e733066 Downloading 15.73MB
 289ba9b84cf8 Downloading 1.049MB
 51365f04b688 Downloading 1.049MB
 bb74cba8e387 Downloading 5.243MB
 d678f3ae3689 Downloading 4.194MB
 2b148d8d601c Downloading 1.049MB
 735466958c33 Downloading 16.78MB
 f84609347f5a Downloading 10.49MB
 913610d1e990 Downloading 8.389MB
 37259e733066 Downloading 15.73MB
 bb74cba8e387 Downloading 5.243MB
 d678f3ae3689 Downloading 4.194MB
 2b148d8d601c Downloading 1.049MB
 289ba9b84cf8 Downloading 1.049MB
 51365f04b688 Downloading 1.049MB
 735466958c33 Downloading 16.78MB
 f84609347f5a Downloading 10.49MB
 913610d1e990 Downloading 8.389MB
 37259e733066 Downloading 15.73MB
 289ba9b84cf8 Downloading 1.049MB
 51365f04b688 Downloading 1.049MB
 bb74cba8e387 Downloading 5.243MB
 d678f3ae3689 Downloading 4.194MB
 2b148d8d601c Downloading 1.049MB
 37259e733066 Downloading 16.78MB
 735466958c33 Downloading 16.78MB
 f84609347f5a Downloading 10.49MB
 913610d1e990 Downloading 8.389MB
 bb74cba8e387 Downloading 5.243MB
 d678f3ae3689 Downloading 4.194MB
 2b148d8d601c Downloading 1.049MB
 289ba9b84cf8 Downloading 1.049MB
 51365f04b688 Downloading 1.049MB
 735466958c33 Downloading 16.78MB
 f84609347f5a Downloading 10.49MB
 913610d1e990 Downloading 8.389MB
 37259e733066 Downloading 16.78MB
 d678f3ae3689 Downloading 4.194MB
 2b148d8d601c Downloading 1.049MB
 289ba9b84cf8 Downloading 1.049MB
 51365f04b688 Downloading 2.097MB
 bb74cba8e387 Downloading 5.243MB
 735466958c33 Downloading 17.83MB
 f84609347f5a Downloading 10.49MB
 913610d1e990 Downloading 8.389MB
 37259e733066 Downloading 16.78MB
 bb74cba8e387 Downloading 5.243MB
 d678f3ae3689 Downloading 4.194MB
 2b148d8d601c Downloading 1.049MB
 289ba9b84cf8 Downloading 1.049MB
 51365f04b688 Downloading 2.097MB
 735466958c33 Downloading 17.83MB
 f84609347f5a Downloading 11.53MB
 913610d1e990 Downloading 8.389MB
 37259e733066 Downloading 16.78MB
 5e943e190570 Download complete 0B
 d678f3ae3689 Downloading 4.194MB
 2b148d8d601c Downloading 1.049MB
 289ba9b84cf8 Downloading 2.097MB
 51365f04b688 Downloading 2.097MB
 bb74cba8e387 Downloading 5.243MB
 37259e733066 Downloading 16.78MB
 735466958c33 Downloading 17.83MB
 f84609347f5a Downloading 11.53MB
 913610d1e990 Downloading 8.389MB
 cde74f8ea10c Download complete 0B
 e64a5a3c1c27 Download complete 0B
 45778d4070f1 Download complete 0B
 bb74cba8e387 Downloading 5.243MB
 d678f3ae3689 Downloading 4.194MB
 2b148d8d601c Downloading 1.049MB
 289ba9b84cf8 Downloading 2.097MB
 51365f04b688 Downloading 2.097MB
 735466958c33 Downloading 18.87MB
 f84609347f5a Downloading 11.53MB
 913610d1e990 Downloading 9.437MB
 37259e733066 Downloading 16.78MB
 6dbea32583b6 Download complete 0B
 bb74cba8e387 Downloading 5.243MB
 d678f3ae3689 Downloading 4.194MB
 2b148d8d601c Downloading 1.049MB
 289ba9b84cf8 Downloading 2.097MB
 51365f04b688 Downloading 2.097MB
 37259e733066 Downloading 16.78MB
 735466958c33 Downloading 18.87MB
 f84609347f5a Downloading 11.53MB
 913610d1e990 Downloading 9.437MB
 289ba9b84cf8 Downloading 2.097MB
 51365f04b688 Downloading 2.097MB
 bb74cba8e387 Downloading 5.243MB
 d678f3ae3689 Downloading 4.194MB
 2b148d8d601c Downloading 1.049MB
 735466958c33 Downloading 18.87MB
 f84609347f5a Downloading 11.53MB
 913610d1e990 Downloading 9.437MB
 37259e733066 Downloading 17.83MB
 bb74cba8e387 Downloading 6.291MB
 d678f3ae3689 Downloading 5.243MB
 2b148d8d601c Downloading 1.049MB
 289ba9b84cf8 Downloading 2.097MB
 51365f04b688 Downloading 2.097MB
 37259e733066 Downloading 17.83MB
 735466958c33 Downloading 18.87MB
 f84609347f5a Downloading 11.53MB
 913610d1e990 Downloading 9.437MB
 bb74cba8e387 Downloading 6.291MB
 d678f3ae3689 Downloading 5.243MB
 2b148d8d601c Downloading 1.049MB
 289ba9b84cf8 Downloading 2.097MB
 51365f04b688 Downloading 2.097MB
 37259e733066 Downloading 17.83MB
 735466958c33 Downloading 18.87MB
 f84609347f5a Downloading 11.53MB
 913610d1e990 Downloading 9.437MB
 289ba9b84cf8 Downloading 2.097MB
 51365f04b688 Downloading 2.097MB
 bb74cba8e387 Downloading 6.291MB
 d678f3ae3689 Download complete 0B
 2b148d8d601c Downloading 1.049MB
 735466958c33 Downloading 19.92MB
 f84609347f5a Downloading 11.53MB
 913610d1e990 Downloading 9.437MB
 37259e733066 Downloading 17.83MB
 bb74cba8e387 Downloading 6.291MB
 2b148d8d601c Downloading 1.049MB
 289ba9b84cf8 Downloading 2.097MB
 51365f04b688 Downloading 2.097MB
 37259e733066 Downloading 17.83MB
 735466958c33 Downloading 19.92MB
 f84609347f5a Downloading 11.53MB
 913610d1e990 Downloading 9.437MB
 289ba9b84cf8 Downloading 2.097MB
 51365f04b688 Downloading 2.097MB
 bb74cba8e387 Downloading 6.291MB
 2b148d8d601c Downloading 1.049MB
 735466958c33 Downloading 19.92MB
 f84609347f5a Downloading 12.58MB
 913610d1e990 Downloading 9.437MB
 37259e733066 Downloading 17.83MB
 2b148d8d601c Downloading 1.049MB
 289ba9b84cf8 Downloading 2.097MB
 51365f04b688 Downloading 2.097MB
 bb74cba8e387 Downloading 6.291MB
 f84609347f5a Downloading 12.58MB
 913610d1e990 Downloading 9.437MB
 37259e733066 Downloading 18.87MB
 735466958c33 Downloading 19.92MB
 2b148d8d601c Downloading 1.049MB
 289ba9b84cf8 Downloading 2.097MB
 51365f04b688 Downloading 2.097MB
 bb74cba8e387 Downloading 6.291MB
 735466958c33 Downloading 19.92MB
 f84609347f5a Downloading 12.58MB
 913610d1e990 Downloading 10.49MB
 37259e733066 Downloading 18.87MB
 bb74cba8e387 Downloading 6.291MB
 2b148d8d601c Downloading 1.049MB
 289ba9b84cf8 Downloading 2.097MB
 51365f04b688 Downloading 2.097MB
 735466958c33 Downloading 20.97MB
 f84609347f5a Downloading 12.58MB
 913610d1e990 Downloading 10.49MB
 37259e733066 Downloading 18.87MB
 bb74cba8e387 Downloading 6.291MB
 2b148d8d601c Downloading 1.049MB
 289ba9b84cf8 Downloading 2.097MB
 51365f04b688 Downloading 2.097MB
 735466958c33 Downloading 20.97MB
 f84609347f5a Downloading 12.58MB
 913610d1e990 Downloading 10.49MB
 37259e733066 Downloading 18.87MB
 bb74cba8e387 Downloading 6.291MB
 2b148d8d601c Downloading 1.049MB
 289ba9b84cf8 Downloading 2.097MB
 51365f04b688 Downloading 2.097MB
 37259e733066 Downloading 18.87MB
 735466958c33 Downloading 20.97MB
 f84609347f5a Downloading 12.58MB
 913610d1e990 Downloading 10.49MB
 bb74cba8e387 Downloading 6.291MB
 2b148d8d601c Downloading 1.049MB
 289ba9b84cf8 Downloading 2.097MB
 51365f04b688 Downloading 2.097MB
 37259e733066 Downloading 18.87MB
 735466958c33 Downloading 20.97MB
 f84609347f5a Downloading 12.58MB
 913610d1e990 Downloading 10.49MB
 402614bd39aa Downloading 1.049MB
 bb74cba8e387 Downloading 7.34MB
 2b148d8d601c Downloading 1.049MB
 289ba9b84cf8 Downloading 2.097MB
 51365f04b688 Downloading 2.097MB
 f84609347f5a Downloading 12.58MB
 913610d1e990 Downloading 10.49MB
 37259e733066 Downloading 19.92MB
 735466958c33 Downloading 20.97MB
 402614bd39aa Downloading 1.049MB
 bb74cba8e387 Downloading 7.34MB
 2b148d8d601c Downloading 1.049MB
 289ba9b84cf8 Downloading 2.097MB
 51365f04b688 Downloading 2.097MB
 735466958c33 Downloading 20.97MB
 f84609347f5a Downloading 13.63MB
 913610d1e990 Downloading 10.49MB
 37259e733066 Downloading 19.92MB
 402614bd39aa Downloading 1.049MB
 bb74cba8e387 Downloading 7.34MB
 2b148d8d601c Downloading 1.049MB
 289ba9b84cf8 Downloading 2.097MB
 51365f04b688 Downloading 3.146MB
 735466958c33 Downloading 22.02MB
 f84609347f5a Downloading 13.63MB
 913610d1e990 Downloading 10.49MB
 37259e733066 Downloading 19.92MB
 402614bd39aa Downloading 1.049MB
 13e3d008a96a Downloading 1.049MB
 2b148d8d601c Downloading 1.049MB
 289ba9b84cf8 Downloading 2.097MB
 51365f04b688 Downloading 3.146MB
 bb74cba8e387 Downloading 7.34MB
 37259e733066 Downloading 19.92MB
 735466958c33 Downloading 22.02MB
 f84609347f5a Downloading 13.63MB
 913610d1e990 Downloading 10.49MB
 402614bd39aa Downloading 1.049MB
 13e3d008a96a Downloading 1.049MB
 bb74cba8e387 Downloading 7.34MB
 2b148d8d601c Downloading 1.049MB
 289ba9b84cf8 Downloading 2.097MB
 51365f04b688 Downloading 3.146MB
 f84609347f5a Downloading 13.63MB
 913610d1e990 Downloading 10.49MB
 37259e733066 Downloading 19.92MB
 735466958c33 Downloading 22.02MB
 402614bd39aa Downloading 1.049MB
 13e3d008a96a Downloading 1.049MB
 87d5498df706 Downloading 1.049MB
 bb74cba8e387 Downloading 7.34MB
 2b148d8d601c Downloading 1.049MB
 289ba9b84cf8 Downloading 2.097MB
 51365f04b688 Downloading 3.146MB
 735466958c33 Downloading 22.02MB
 f84609347f5a Downloading 13.63MB
 913610d1e990 Downloading 11.53MB
 37259e733066 Downloading 19.92MB
 402614bd39aa Downloading 2.097MB
 13e3d008a96a Downloading 1.049MB
 87d5498df706 Downloading 1.049MB
 2b148d8d601c Downloading 1.049MB
 289ba9b84cf8 Downloading 3.146MB
 51365f04b688 Downloading 3.146MB
 bb74cba8e387 Downloading 7.34MB
 735466958c33 Downloading 22.02MB
 f84609347f5a Downloading 13.63MB
 913610d1e990 Downloading 11.53MB
 37259e733066 Downloading 19.92MB
 13e3d008a96a Downloading 1.049MB
 87d5498df706 Downloading 1.049MB
 402614bd39aa Downloading 2.097MB
 bb74cba8e387 Downloading 7.34MB
 2b148d8d601c Downloading 1.049MB
 289ba9b84cf8 Downloading 3.146MB
 51365f04b688 Downloading 3.146MB
 37259e733066 Downloading 19.92MB
 735466958c33 Downloading 22.02MB
 f84609347f5a Downloading 13.63MB
 913610d1e990 Downloading 11.53MB
 402614bd39aa Downloading 2.097MB
 13e3d008a96a Downloading 1.049MB
 87d5498df706 Downloading 1.049MB
 289ba9b84cf8 Downloading 3.146MB
 51365f04b688 Downloading 3.146MB
 bb74cba8e387 Downloading 7.34MB
 2b148d8d601c Downloading 1.049MB
 735466958c33 Downloading 22.02MB
 f84609347f5a Downloading 13.63MB
 913610d1e990 Downloading 11.53MB
 37259e733066 Downloading 20.97MB
 402614bd39aa Downloading 2.097MB
 13e3d008a96a Downloading 1.049MB
 87d5498df706 Downloading 1.049MB
 289ba9b84cf8 Downloading 3.146MB
 51365f04b688 Downloading 3.146MB
 bb74cba8e387 Downloading 7.34MB
 2b148d8d601c Downloading 1.049MB
 735466958c33 Downloading 22.02MB
 f84609347f5a Downloading 13.63MB
 913610d1e990 Downloading 11.53MB
 37259e733066 Downloading 20.97MB
 13e3d008a96a Downloading 1.049MB
 87d5498df706 Downloading 1.049MB
 402614bd39aa Downloading 2.097MB
 2b148d8d601c Downloading 2.097MB
 289ba9b84cf8 Downloading 3.146MB
 51365f04b688 Downloading 3.146MB
 bb74cba8e387 Downloading 7.34MB
 37259e733066 Downloading 20.97MB
 735466958c33 Downloading 23.07MB
 f84609347f5a Downloading 14.68MB
 913610d1e990 Downloading 11.53MB
 402614bd39aa Downloading 2.097MB
 13e3d008a96a Downloading 1.049MB
 87d5498df706 Downloading 1.049MB
 2b148d8d601c Downloading 2.097MB
 289ba9b84cf8 Downloading 3.146MB
 51365f04b688 Downloading 3.146MB
 bb74cba8e387 Downloading 8.389MB
 735466958c33 Downloading 23.07MB
 f84609347f5a Downloading 14.68MB
 913610d1e990 Downloading 11.53MB
 37259e733066 Downloading 20.97MB
 13e3d008a96a Downloading 1.049MB
 87d5498df706 Downloading 1.049MB
 402614bd39aa Downloading 3.146MB
 bb74cba8e387 Downloading 8.389MB
 2b148d8d601c Downloading 2.097MB
 289ba9b84cf8 Downloading 3.146MB
 51365f04b688 Downloading 3.146MB
 735466958c33 Downloading 23.07MB
 f84609347f5a Downloading 14.68MB
 913610d1e990 Downloading 11.53MB
 37259e733066 Downloading 20.97MB
 402614bd39aa Downloading 3.146MB
 13e3d008a96a Downloading 1.049MB
 87d5498df706 Downloading 1.049MB
 2b148d8d601c Downloading 2.097MB
 289ba9b84cf8 Downloading 3.146MB
 51365f04b688 Downloading 3.146MB
 bb74cba8e387 Downloading 8.389MB
 735466958c33 Downloading 23.07MB
 f84609347f5a Downloading 14.68MB
 913610d1e990 Downloading 11.53MB
 37259e733066 Downloading 20.97MB
 87d5498df706 Downloading 1.049MB
 402614bd39aa Downloading 3.146MB
 13e3d008a96a Downloading 1.049MB
 bb74cba8e387 Downloading 8.389MB
 2b148d8d601c Downloading 2.097MB
 289ba9b84cf8 Downloading 3.146MB
 51365f04b688 Downloading 3.146MB
 735466958c33 Downloading 23.07MB
 f84609347f5a Downloading 14.68MB
 913610d1e990 Downloading 11.53MB
 37259e733066 Downloading 20.97MB
 87d5498df706 Downloading 1.049MB
 402614bd39aa Downloading 3.146MB
 13e3d008a96a Downloading 1.049MB
 bb74cba8e387 Downloading 8.389MB
 2b148d8d601c Downloading 2.097MB
 289ba9b84cf8 Downloading 3.146MB
 51365f04b688 Downloading 3.146MB
 735466958c33 Downloading 23.07MB
 f84609347f5a Downloading 14.68MB
 913610d1e990 Downloading 11.53MB
 37259e733066 Downloading 20.97MB
 402614bd39aa Downloading 3.146MB
 13e3d008a96a Downloading 1.049MB
 87d5498df706 Downloading 1.049MB
 402614bd39aa Downloading 3.146MB
 13e3d008a96a Downloading 1.049MB
 87d5498df706 Downloading 2.097MB
 bb74cba8e387 Downloading 8.389MB
 2b148d8d601c Downloading 2.097MB
 289ba9b84cf8 Downloading 3.146MB
 51365f04b688 Downloading 3.146MB
 735466958c33 Downloading 24.12MB
 f84609347f5a Downloading 14.68MB
 913610d1e990 Downloading 11.53MB
 37259e733066 Downloading 22.02MB
 bb74cba8e387 Downloading 8.389MB
 2b148d8d601c Downloading 2.097MB
 289ba9b84cf8 Downloading 3.146MB
 51365f04b688 Downloading 3.146MB
 735466958c33 Downloading 24.12MB
 f84609347f5a Downloading 14.68MB
 913610d1e990 Downloading 12.58MB
 37259e733066 Downloading 22.02MB
 13e3d008a96a Downloading 1.049MB
 87d5498df706 Downloading 2.097MB
 402614bd39aa Downloading 3.146MB
 bb74cba8e387 Downloading 8.389MB
 2b148d8d601c Downloading 2.097MB
 289ba9b84cf8 Downloading 3.146MB
 51365f04b688 Downloading 3.146MB
 37259e733066 Downloading 22.02MB
 735466958c33 Downloading 24.12MB
 f84609347f5a Downloading 14.68MB
 913610d1e990 Downloading 12.58MB
 13e3d008a96a Downloading 1.049MB
 87d5498df706 Downloading 2.097MB
 402614bd39aa Downloading 3.146MB
 bb74cba8e387 Downloading 8.389MB
 2b148d8d601c Downloading 2.097MB
 289ba9b84cf8 Downloading 3.146MB
 51365f04b688 Downloading 3.146MB
 f84609347f5a Downloading 14.68MB
 913610d1e990 Downloading 12.58MB
 37259e733066 Downloading 22.02MB
 735466958c33 Downloading 24.12MB
 13e3d008a96a Downloading 1.049MB
 87d5498df706 Downloading 2.097MB
 402614bd39aa Downloading 4.194MB
 2b148d8d601c Downloading 2.097MB
 289ba9b84cf8 Downloading 3.146MB
 51365f04b688 Downloading 3.146MB
 bb74cba8e387 Downloading 8.389MB
 37259e733066 Downloading 22.02MB
 735466958c33 Downloading 24.12MB
 f84609347f5a Downloading 14.68MB
 913610d1e990 Downloading 12.58MB
 13e3d008a96a Downloading 1.049MB
 87d5498df706 Downloading 2.097MB
 402614bd39aa Downloading 4.194MB
 bb74cba8e387 Downloading 8.389MB
 2b148d8d601c Downloading 2.097MB
 289ba9b84cf8 Downloading 3.146MB
 51365f04b688 Downloading 3.146MB
 735466958c33 Downloading 24.12MB
 f84609347f5a Downloading 14.68MB
 913610d1e990 Downloading 12.58MB
 37259e733066 Downloading 22.02MB
 13e3d008a96a Downloading 1.049MB
 87d5498df706 Downloading 2.097MB
 402614bd39aa Downloading 4.194MB
 bb74cba8e387 Downloading 8.389MB
 2b148d8d601c Downloading 2.097MB
 289ba9b84cf8 Downloading 3.146MB
 51365f04b688 Downloading 3.478MB
 f84609347f5a Downloading 14.68MB
 913610d1e990 Downloading 12.58MB
 37259e733066 Downloading 22.02MB
 735466958c33 Downloading 24.12MB
 402614bd39aa Downloading 4.194MB
 13e3d008a96a Downloading 1.049MB
 87d5498df706 Downloading 2.097MB
 bb74cba8e387 Downloading 9.437MB
 2b148d8d601c Downloading 2.097MB
 289ba9b84cf8 Downloading 3.146MB
 51365f04b688 Downloading 4.194MB
 735466958c33 Downloading 24.12MB
 f84609347f5a Downloading 15.73MB
 913610d1e990 Downloading 12.58MB
 37259e733066 Downloading 22.02MB
 402614bd39aa Downloading 4.194MB
 13e3d008a96a Downloading 1.049MB
 87d5498df706 Downloading 2.097MB
 289ba9b84cf8 Downloading 3.146MB
 51365f04b688 Downloading 4.194MB
 bb74cba8e387 Downloading 9.437MB
 2b148d8d601c Downloading 2.097MB
 735466958c33 Downloading 24.12MB
 f84609347f5a Downloading 15.73MB
 913610d1e990 Downloading 13.63MB
 37259e733066 Downloading 22.02MB
 13e3d008a96a Downloading 2.097MB
 87d5498df706 Downloading 2.097MB
 402614bd39aa Downloading 5.243MB
 bb74cba8e387 Downloading 9.437MB
 2b148d8d601c Downloading 2.097MB
 289ba9b84cf8 Downloading 4.194MB
 51365f04b688 Downloading 4.194MB
 735466958c33 Downloading 24.12MB
 f84609347f5a Downloading 15.73MB
 913610d1e990 Downloading 13.63MB
 37259e733066 Downloading 22.02MB
 87d5498df706 Downloading 2.097MB
 402614bd39aa Downloading 5.243MB
 13e3d008a96a Downloading 2.097MB
 bb74cba8e387 Downloading 9.437MB
 2b148d8d601c Downloading 2.097MB
 289ba9b84cf8 Downloading 4.194MB
 51365f04b688 Downloading 4.194MB
 735466958c33 Downloading 25.17MB
 f84609347f5a Downloading 15.73MB
 913610d1e990 Downloading 13.63MB
 37259e733066 Downloading 22.02MB
 402614bd39aa Downloading 5.243MB
 13e3d008a96a Downloading 2.097MB
 87d5498df706 Downloading 2.097MB
 bb74cba8e387 Downloading 9.437MB
 2b148d8d601c Downloading 2.097MB
 289ba9b84cf8 Downloading 4.194MB
 51365f04b688 Downloading 4.194MB
 735466958c33 Downloading 25.17MB
 f84609347f5a Downloading 15.73MB
 913610d1e990 Downloading 13.63MB
 37259e733066 Downloading 22.02MB
 402614bd39aa Downloading 5.243MB
 13e3d008a96a Downloading 2.097MB
 87d5498df706 Downloading 2.097MB
 2b148d8d601c Downloading 2.097MB
 289ba9b84cf8 Downloading 4.194MB
 51365f04b688 Downloading 4.194MB
 bb74cba8e387 Downloading 9.437MB
 735466958c33 Downloading 25.17MB
 f84609347f5a Downloading 15.73MB
 913610d1e990 Downloading 13.63MB
 37259e733066 Downloading 22.02MB
 402614bd39aa Downloading 5.243MB
 13e3d008a96a Downloading 2.097MB
 87d5498df706 Downloading 3.146MB
 bb74cba8e387 Downloading 9.437MB
 2b148d8d601c Downloading 2.097MB
 289ba9b84cf8 Downloading 4.194MB
 51365f04b688 Downloading 4.194MB
 735466958c33 Downloading 25.17MB
 f84609347f5a Downloading 15.73MB
 913610d1e990 Downloading 13.63MB
 37259e733066 Downloading 22.02MB
 87d5498df706 Downloading 3.146MB
 402614bd39aa Downloading 5.243MB
 13e3d008a96a Download complete 0B
 bb74cba8e387 Downloading 9.437MB
 2b148d8d601c Downloading 2.097MB
 289ba9b84cf8 Downloading 4.194MB
 51365f04b688 Downloading 4.194MB
 37259e733066 Downloading 23.07MB
 735466958c33 Downloading 25.17MB
 f84609347f5a Downloading 15.73MB
 913610d1e990 Downloading 13.63MB
 87d5498df706 Downloading 3.146MB
 402614bd39aa Downloading 6.291MB
 289ba9b84cf8 Downloading 4.194MB
 51365f04b688 Downloading 4.194MB
 bb74cba8e387 Downloading 9.437MB
 2b148d8d601c Downloading 2.097MB
 735466958c33 Downloading 25.17MB
 f84609347f5a Downloading 15.73MB
 913610d1e990 Downloading 13.63MB
 37259e733066 Downloading 23.07MB
 87d5498df706 Downloading 3.146MB
 402614bd39aa Downloading 6.291MB
 bb74cba8e387 Downloading 9.437MB
 2b148d8d601c Downloading 2.097MB
 289ba9b84cf8 Downloading 4.194MB
 51365f04b688 Downloading 4.194MB
 735466958c33 Downloading 25.17MB
 f84609347f5a Downloading 15.73MB
 913610d1e990 Downloading 14.68MB
 37259e733066 Downloading 23.07MB
 87d5498df706 Downloading 3.146MB
 402614bd39aa Downloading 6.291MB
 289ba9b84cf8 Downloading 4.194MB
 51365f04b688 Downloading 4.194MB
 bb74cba8e387 Downloading 9.437MB
 2b148d8d601c Downloading 2.097MB
 f84609347f5a Downloading 15.73MB
 913610d1e990 Downloading 14.68MB
 37259e733066 Downloading 23.07MB
 735466958c33 Downloading 25.17MB
 87d5498df706 Downloading 3.146MB
 402614bd39aa Downloading 6.291MB
 bb74cba8e387 Downloading 9.437MB
 2b148d8d601c Downloading 2.097MB
 289ba9b84cf8 Downloading 4.194MB
 51365f04b688 Downloading 4.194MB
 37259e733066 Downloading 23.07MB
 735466958c33 Downloading 26.21MB
 f84609347f5a Downloading 16.78MB
 913610d1e990 Downloading 14.68MB
 87d5498df706 Downloading 3.146MB
 402614bd39aa Downloading 6.291MB
 2b148d8d601c Downloading 2.097MB
 289ba9b84cf8 Downloading 4.194MB
 51365f04b688 Downloading 5.243MB
 bb74cba8e387 Downloading 10.49MB
 37259e733066 Downloading 23.07MB
 735466958c33 Downloading 26.21MB
 f84609347f5a Downloading 16.78MB
 913610d1e990 Downloading 14.68MB
 402614bd39aa Downloading 6.291MB
 87d5498df706 Downloading 3.146MB
 2b148d8d601c Downloading 2.097MB
 289ba9b84cf8 Downloading 4.194MB
 51365f04b688 Downloading 5.243MB
 bb74cba8e387 Downloading 10.49MB
 f84609347f5a Downloading 16.78MB
 913610d1e990 Downloading 14.68MB
 37259e733066 Downloading 23.07MB
 735466958c33 Downloading 26.21MB
 87d5498df706 Downloading 3.146MB
 402614bd39aa Downloading 7.34MB
 289ba9b84cf8 Downloading 4.194MB
 51365f04b688 Downloading 5.243MB
 bb74cba8e387 Downloading 10.49MB
 2b148d8d601c Downloading 2.097MB
 735466958c33 Downloading 26.21MB
 f84609347f5a Downloading 16.78MB
 913610d1e990 Downloading 14.68MB
 37259e733066 Downloading 23.07MB
 87d5498df706 Downloading 3.146MB
 402614bd39aa Downloading 7.34MB
 bb74cba8e387 Downloading 10.49MB
 2b148d8d601c Downloading 2.097MB
 289ba9b84cf8 Downloading 4.194MB
 51365f04b688 Downloading 5.243MB
 f84609347f5a Downloading 16.78MB
 913610d1e990 Downloading 14.68MB
 37259e733066 Downloading 23.07MB
 735466958c33 Downloading 26.21MB
 87d5498df706 Downloading 3.146MB
 402614bd39aa Downloading 7.34MB
 2b148d8d601c Downloading 2.097MB
 289ba9b84cf8 Downloading 4.194MB
 51365f04b688 Downloading 5.243MB
 bb74cba8e387 Downloading 10.49MB
 735466958c33 Downloading 26.21MB
 f84609347f5a Downloading 16.78MB
 913610d1e990 Downloading 15.73MB
 37259e733066 Downloading 23.07MB
 402614bd39aa Downloading 7.34MB
 87d5498df706 Downloading 4.194MB
 2b148d8d601c Downloading 2.097MB
 289ba9b84cf8 Downloading 4.194MB
 51365f04b688 Downloading 5.243MB
 bb74cba8e387 Downloading 10.49MB
 f84609347f5a Downloading 16.78MB
 913610d1e990 Downloading 15.73MB
 37259e733066 Downloading 24.12MB
 735466958c33 Downloading 26.21MB
 87d5498df706 Downloading 4.194MB
 402614bd39aa Downloading 7.34MB
 bb74cba8e387 Downloading 10.49MB
 2b148d8d601c Downloading 3.146MB
 289ba9b84cf8 Downloading 4.194MB
 51365f04b688 Downloading 5.243MB
 735466958c33 Downloading 26.21MB
 f84609347f5a Downloading 16.78MB
 913610d1e990 Downloading 15.73MB
 37259e733066 Downloading 24.12MB
 87d5498df706 Downloading 4.194MB
 402614bd39aa Downloading 7.34MB
 2b148d8d601c Downloading 3.146MB
 289ba9b84cf8 Downloading 5.243MB
 51365f04b688 Downloading 5.243MB
 bb74cba8e387 Downloading 10.49MB
 735466958c33 Downloading 27.26MB
 f84609347f5a Downloading 17.83MB
 913610d1e990 Downloading 15.73MB
 37259e733066 Downloading 24.12MB
 402614bd39aa Downloading 8.389MB
 87d5498df706 Downloading 4.194MB
 bb74cba8e387 Downloading 10.49MB
 2b148d8d601c Downloading 3.146MB
 289ba9b84cf8 Downloading 5.243MB
 51365f04b688 Downloading 5.243MB
 735466958c33 Downloading 27.26MB
 f84609347f5a Downloading 17.83MB
 913610d1e990 Downloading 15.73MB
 37259e733066 Downloading 24.12MB
 87d5498df706 Downloading 4.194MB
 402614bd39aa Downloading 8.389MB
 bb74cba8e387 Downloading 10.49MB
 2b148d8d601c Downloading 3.146MB
 289ba9b84cf8 Downloading 5.243MB
 51365f04b688 Downloading 5.243MB
 f84609347f5a Downloading 17.83MB
 913610d1e990 Downloading 15.73MB
 37259e733066 Downloading 24.12MB
 735466958c33 Downloading 27.26MB
 402614bd39aa Downloading 8.389MB
 87d5498df706 Downloading 4.194MB
 51365f04b688 Downloading 5.243MB
 bb74cba8e387 Downloading 10.49MB
 2b148d8d601c Downloading 3.146MB
 289ba9b84cf8 Downloading 5.243MB
 735466958c33 Downloading 27.26MB
 f84609347f5a Downloading 17.83MB
 913610d1e990 Downloading 15.73MB
 37259e733066 Downloading 24.12MB
 87d5498df706 Downloading 4.194MB
 402614bd39aa Downloading 8.389MB
 bb74cba8e387 Downloading 11.53MB
 2b148d8d601c Downloading 3.146MB
 289ba9b84cf8 Downloading 5.243MB
 51365f04b688 Downloading 5.243MB
 37259e733066 Downloading 24.12MB
 735466958c33 Downloading 27.26MB
 f84609347f5a Downloading 17.83MB
 913610d1e990 Downloading 16.78MB
 87d5498df706 Downloading 4.194MB
 402614bd39aa Downloading 8.389MB
 2b148d8d601c Downloading 3.146MB
 289ba9b84cf8 Downloading 5.243MB
 51365f04b688 Downloading 5.243MB
 bb74cba8e387 Downloading 11.53MB
 735466958c33 Downloading 27.26MB
 f84609347f5a Downloading 17.83MB
 913610d1e990 Downloading 16.78MB
 37259e733066 Downloading 24.12MB
 402614bd39aa Downloading 8.389MB
 87d5498df706 Downloading 4.194MB
 bb74cba8e387 Downloading 11.53MB
 2b148d8d601c Downloading 3.146MB
 289ba9b84cf8 Downloading 5.243MB
 51365f04b688 Downloading 5.243MB
 735466958c33 Downloading 27.26MB
 f84609347f5a Downloading 17.83MB
 913610d1e990 Downloading 16.78MB
 37259e733066 Downloading 24.12MB
 402614bd39aa Downloading 8.389MB
 87d5498df706 Downloading 4.194MB
 bb74cba8e387 Downloading 11.53MB
 2b148d8d601c Downloading 3.146MB
 289ba9b84cf8 Downloading 5.243MB
 51365f04b688 Downloading 5.243MB
 735466958c33 Downloading 28.31MB
 f84609347f5a Downloading 17.83MB
 913610d1e990 Downloading 16.78MB
 37259e733066 Downloading 25.17MB
 402614bd39aa Downloading 9.437MB
 87d5498df706 Downloading 5.243MB
 2b148d8d601c Downloading 3.146MB
 289ba9b84cf8 Downloading 5.243MB
 51365f04b688 Downloading 6.291MB
 bb74cba8e387 Downloading 11.53MB
 f84609347f5a Downloading 17.83MB
 913610d1e990 Downloading 16.78MB
 37259e733066 Downloading 25.17MB
 735466958c33 Downloading 28.31MB
 87d5498df706 Downloading 5.243MB
 402614bd39aa Downloading 9.437MB
 2b148d8d601c Downloading 3.146MB
 289ba9b84cf8 Downloading 5.243MB
 51365f04b688 Downloading 6.291MB
 bb74cba8e387 Downloading 11.53MB
 735466958c33 Downloading 28.31MB
 f84609347f5a Downloading 18.87MB
 913610d1e990 Downloading 16.78MB
 37259e733066 Downloading 25.17MB
 87d5498df706 Downloading 5.243MB
 402614bd39aa Downloading 9.437MB
 2b148d8d601c Downloading 3.146MB
 289ba9b84cf8 Downloading 5.243MB
 51365f04b688 Downloading 6.291MB
 bb74cba8e387 Downloading 11.53MB
 735466958c33 Downloading 28.31MB
 f84609347f5a Downloading 18.87MB
 913610d1e990 Downloading 16.78MB
 37259e733066 Downloading 25.17MB
 87d5498df706 Downloading 5.243MB
 402614bd39aa Downloading 9.437MB
 2b148d8d601c Downloading 3.146MB
 289ba9b84cf8 Downloading 5.243MB
 51365f04b688 Downloading 6.291MB
 bb74cba8e387 Downloading 11.53MB
 37259e733066 Downloading 25.17MB
 735466958c33 Downloading 28.31MB
 f84609347f5a Downloading 18.87MB
 913610d1e990 Downloading 16.78MB
 402614bd39aa Downloading 9.437MB
 87d5498df706 Downloading 5.243MB
 bb74cba8e387 Downloading 11.53MB
 2b148d8d601c Downloading 3.146MB
 289ba9b84cf8 Downloading 5.243MB
 51365f04b688 Downloading 6.291MB
 735466958c33 Downloading 28.31MB
 f84609347f5a Downloading 18.87MB
 913610d1e990 Downloading 16.78MB
 37259e733066 Downloading 25.17MB
 87d5498df706 Downloading 5.243MB
 402614bd39aa Downloading 9.437MB
 bb74cba8e387 Downloading 11.53MB
 2b148d8d601c Downloading 3.146MB
 289ba9b84cf8 Downloading 5.243MB
 51365f04b688 Downloading 6.291MB
 735466958c33 Downloading 28.31MB
 f84609347f5a Downloading 18.87MB
 913610d1e990 Downloading 16.78MB
 37259e733066 Downloading 25.17MB
 87d5498df706 Downloading 5.243MB
 402614bd39aa Downloading 9.437MB
 bb74cba8e387 Downloading 11.53MB
 2b148d8d601c Downloading 3.146MB
 289ba9b84cf8 Downloading 5.243MB
 51365f04b688 Downloading 6.291MB
 735466958c33 Downloading 29.36MB
 f84609347f5a Downloading 18.87MB
 913610d1e990 Downloading 17.83MB
 37259e733066 Downloading 25.17MB
 87d5498df706 Downloading 5.243MB
 402614bd39aa Downloading 10.49MB
 2b148d8d601c Downloading 3.146MB
 289ba9b84cf8 Download complete 0B
 51365f04b688 Downloading 6.291MB
 bb74cba8e387 Downloading 11.53MB
 f84609347f5a Downloading 18.87MB
 913610d1e990 Downloading 17.83MB
 37259e733066 Downloading 25.17MB
 735466958c33 Downloading 29.36MB
 87d5498df706 Downloading 5.243MB
 402614bd39aa Downloading 10.49MB
 bb74cba8e387 Downloading 11.53MB
 2b148d8d601c Downloading 3.146MB
 51365f04b688 Downloading 6.291MB
 735466958c33 Downloading 29.36MB
 f84609347f5a Downloading 18.87MB
 913610d1e990 Downloading 17.83MB
 37259e733066 Downloading 26.21MB
 402614bd39aa Downloading 10.49MB
 87d5498df706 Downloading 5.243MB
 bb74cba8e387 Downloading 12.58MB
 2b148d8d601c Downloading 3.146MB
 51365f04b688 Downloading 6.291MB
 735466958c33 Downloading 29.36MB
 f84609347f5a Downloading 18.87MB
 913610d1e990 Downloading 17.83MB
 37259e733066 Downloading 26.21MB
 87d5498df706 Downloading 5.243MB
 402614bd39aa Downloading 10.49MB
 2b148d8d601c Downloading 3.146MB
 51365f04b688 Downloading 6.291MB
 bb74cba8e387 Downloading 12.58MB
 735466958c33 Downloading 29.36MB
 f84609347f5a Downloading 19.92MB
 913610d1e990 Downloading 17.83MB
 37259e733066 Downloading 26.21MB
 87d5498df706 Downloading 6.291MB
 402614bd39aa Downloading 10.49MB
 51365f04b688 Downloading 6.291MB
 bb74cba8e387 Downloading 12.58MB
 2b148d8d601c Downloading 3.146MB
 735466958c33 Downloading 29.36MB
 f84609347f5a Downloading 19.92MB
 913610d1e990 Downloading 17.83MB
 37259e733066 Downloading 26.21MB
 402614bd39aa Downloading 10.49MB
 87d5498df706 Downloading 6.291MB
 51365f04b688 Downloading 6.291MB
 bb74cba8e387 Downloading 12.58MB
 2b148d8d601c Downloading 3.146MB
 735466958c33 Downloading 30.41MB
 f84609347f5a Downloading 19.92MB
 913610d1e990 Downloading 17.83MB
 37259e733066 Downloading 26.21MB
 87d5498df706 Downloading 6.291MB
 402614bd39aa Downloading 11.53MB
 bb74cba8e387 Downloading 12.58MB
 2b148d8d601c Downloading 3.146MB
 51365f04b688 Downloading 6.291MB
 735466958c33 Downloading 30.41MB
 f84609347f5a Downloading 19.92MB
 913610d1e990 Downloading 17.83MB
 37259e733066 Downloading 26.21MB
 87d5498df706 Downloading 6.291MB
 402614bd39aa Downloading 11.53MB
 bb74cba8e387 Downloading 12.58MB
 2b148d8d601c Downloading 3.146MB
 51365f04b688 Downloading 6.291MB
 735466958c33 Downloading 30.41MB
 f84609347f5a Downloading 19.92MB
 913610d1e990 Downloading 17.83MB
 37259e733066 Downloading 26.21MB
 87d5498df706 Downloading 6.291MB
 402614bd39aa Downloading 11.53MB
 bb74cba8e387 Downloading 12.58MB
 2b148d8d601c Downloading 3.146MB
 51365f04b688 Downloading 6.291MB
 735466958c33 Downloading 30.41MB
 f84609347f5a Downloading 19.92MB
 913610d1e990 Downloading 17.83MB
 37259e733066 Downloading 26.21MB
 87d5498df706 Downloading 6.291MB
 402614bd39aa Downloading 11.53MB
 51365f04b688 Downloading 7.34MB
 bb74cba8e387 Downloading 12.58MB
 2b148d8d601c Downloading 4.194MB
 735466958c33 Downloading 30.41MB
 f84609347f5a Downloading 19.92MB
 913610d1e990 Downloading 17.83MB
 37259e733066 Downloading 26.21MB
 87d5498df706 Downloading 6.291MB
 402614bd39aa Downloading 11.53MB
 2b148d8d601c Downloading 4.194MB
 51365f04b688 Downloading 7.34MB
 bb74cba8e387 Downloading 12.58MB
 f84609347f5a Downloading 19.92MB
 913610d1e990 Downloading 18.87MB
 37259e733066 Downloading 27.26MB
 735466958c33 Downloading 30.41MB
 402614bd39aa Downloading 11.53MB
 87d5498df706 Downloading 6.291MB
 bb74cba8e387 Downloading 12.58MB
 2b148d8d601c Downloading 4.194MB
 51365f04b688 Downloading 7.34MB
 913610d1e990 Downloading 18.87MB
 37259e733066 Downloading 27.26MB
 735466958c33 Downloading 31.46MB
 f84609347f5a Downloading 20.97MB
 87d5498df706 Downloading 6.291MB
 402614bd39aa Downloading 12.58MB
 51365f04b688 Downloading 7.34MB
 bb74cba8e387 Downloading 12.58MB
 2b148d8d601c Downloading 4.194MB
 735466958c33 Downloading 31.46MB
 f84609347f5a Downloading 20.97MB
 913610d1e990 Downloading 18.87MB
 37259e733066 Downloading 27.26MB
 402614bd39aa Downloading 12.58MB
 87d5498df706 Downloading 6.291MB
 bb74cba8e387 Downloading 12.58MB
 2b148d8d601c Downloading 4.194MB
 51365f04b688 Downloading 7.34MB
 f84609347f5a Downloading 20.97MB
 913610d1e990 Downloading 18.87MB
 37259e733066 Downloading 27.26MB
 735466958c33 Downloading 31.46MB
 402614bd39aa Downloading 12.58MB
 87d5498df706 Downloading 6.291MB
 2b148d8d601c Downloading 4.194MB
 51365f04b688 Downloading 7.34MB
 bb74cba8e387 Downloading 12.58MB
 735466958c33 Downloading 31.46MB
 f84609347f5a Downloading 20.97MB
 913610d1e990 Downloading 18.87MB
 37259e733066 Downloading 27.26MB
 402614bd39aa Downloading 12.58MB
 87d5498df706 Downloading 7.34MB
 bb74cba8e387 Downloading 13.63MB
 2b148d8d601c Downloading 4.194MB
 51365f04b688 Downloading 7.34MB
 735466958c33 Downloading 31.46MB
 f84609347f5a Downloading 20.97MB
 913610d1e990 Downloading 18.87MB
 37259e733066 Downloading 28.08MB
 402614bd39aa Downloading 12.58MB
 87d5498df706 Downloading 7.34MB
 51365f04b688 Downloading 7.34MB
 bb74cba8e387 Downloading 13.63MB
 2b148d8d601c Downloading 4.194MB
 f84609347f5a Downloading 20.97MB
 913610d1e990 Downloading 18.87MB
 37259e733066 Downloading 28.08MB
 735466958c33 Downloading 31.46MB
 402614bd39aa Downloading 12.58MB
 87d5498df706 Downloading 7.34MB
 bb74cba8e387 Downloading 13.63MB
 2b148d8d601c Downloading 4.194MB
 51365f04b688 Downloading 7.34MB
 735466958c33 Downloading 31.46MB
 f84609347f5a Downloading 20.97MB
 913610d1e990 Downloading 18.87MB
 37259e733066 Downloading 28.08MB
 87d5498df706 Downloading 7.34MB
 402614bd39aa Downloading 12.58MB
 51365f04b688 Downloading 7.34MB
 bb74cba8e387 Downloading 13.63MB
 2b148d8d601c Downloading 4.194MB
 735466958c33 Downloading 31.46MB
 f84609347f5a Downloading 20.97MB
 913610d1e990 Downloading 18.87MB
 37259e733066 Downloading 28.08MB
 87d5498df706 Downloading 7.34MB
 402614bd39aa Downloading 12.58MB
 bb74cba8e387 Downloading 13.63MB
 2b148d8d601c Downloading 4.194MB
 51365f04b688 Downloading 7.34MB
 735466958c33 Downloading 31.46MB
 f84609347f5a Downloading 20.97MB
 913610d1e990 Downloading 18.87MB
 37259e733066 Downloading 28.08MB
 87d5498df706 Downloading 7.34MB
 402614bd39aa Downloading 13.63MB
 2b148d8d601c Downloading 4.194MB
 51365f04b688 Downloading 8.389MB
 bb74cba8e387 Downloading 13.63MB
 735466958c33 Downloading 32.51MB
 f84609347f5a Downloading 22.02MB
 913610d1e990 Downloading 19.92MB
 37259e733066 Downloading 28.08MB
 87d5498df706 Downloading 7.34MB
 402614bd39aa Downloading 13.63MB
 51365f04b688 Downloading 8.389MB
 bb74cba8e387 Downloading 13.63MB
 2b148d8d601c Downloading 4.194MB
 735466958c33 Downloading 32.51MB
 f84609347f5a Downloading 22.02MB
 913610d1e990 Downloading 19.92MB
 37259e733066 Download complete 0B
 37259e733066 Extracting 1B
 87d5498df706 Downloading 7.34MB
 402614bd39aa Downloading 13.63MB
 bb74cba8e387 Downloading 13.63MB
 2b148d8d601c Downloading 4.194MB
 51365f04b688 Downloading 8.389MB
 735466958c33 Downloading 32.51MB
 f84609347f5a Downloading 22.02MB
 913610d1e990 Downloading 19.92MB
 37259e733066 Extracting 1B
 87d5498df706 Downloading 8.389MB
 402614bd39aa Downloading 13.63MB
 2b148d8d601c Downloading 4.194MB
 51365f04b688 Downloading 8.389MB
 bb74cba8e387 Downloading 13.63MB
 735466958c33 Downloading 32.51MB
 f84609347f5a Downloading 22.02MB
 913610d1e990 Downloading 19.92MB
 37259e733066 Extracting 1B
 402614bd39aa Downloading 13.63MB
 87d5498df706 Downloading 8.389MB
 51365f04b688 Downloading 8.389MB
 bb74cba8e387 Downloading 13.63MB
 2b148d8d601c Downloading 4.194MB
 735466958c33 Downloading 32.51MB
 f84609347f5a Downloading 22.02MB
 913610d1e990 Downloading 19.92MB
 37259e733066 Extracting 1B
 87d5498df706 Downloading 8.389MB
 402614bd39aa Downloading 14.68MB
 bb74cba8e387 Downloading 14.68MB
 2b148d8d601c Downloading 5.243MB
 51365f04b688 Downloading 8.389MB
 735466958c33 Downloading 33.55MB
 f84609347f5a Downloading 22.02MB
 913610d1e990 Downloading 19.92MB
 37259e733066 Extracting 1B
 87d5498df706 Downloading 8.389MB
 402614bd39aa Downloading 14.68MB
 51365f04b688 Downloading 8.389MB
 bb74cba8e387 Downloading 14.68MB
 2b148d8d601c Downloading 5.243MB
 735466958c33 Downloading 33.55MB
 f84609347f5a Downloading 23.07MB
 913610d1e990 Downloading 20.97MB
 37259e733066 Extracting 1B
 402614bd39aa Downloading 14.68MB
 87d5498df706 Downloading 8.389MB
 bb74cba8e387 Downloading 14.68MB
 2b148d8d601c Downloading 5.243MB
 51365f04b688 Downloading 8.389MB
 735466958c33 Downloading 33.55MB
 f84609347f5a Downloading 23.07MB
 913610d1e990 Downloading 20.97MB
 6e88b4602d85 Extracting 1B
 37259e733066 Pull complete 0B
 87d5498df706 Downloading 8.389MB
 402614bd39aa Downloading 14.68MB
 bb74cba8e387 Downloading 14.68MB
 2b148d8d601c Downloading 5.243MB
 51365f04b688 Downloading 8.389MB
 f84609347f5a Downloading 23.07MB
 913610d1e990 Downloading 20.97MB
 735466958c33 Downloading 33.55MB
 87d5498df706 Downloading 8.389MB
 402614bd39aa Downloading 14.68MB
 ece23617e805 Extracting 1B
 6e88b4602d85 Pull complete 0B
 2b148d8d601c Downloading 5.243MB
 51365f04b688 Downloading 8.389MB
 bb74cba8e387 Downloading 14.68MB
 735466958c33 Downloading 33.55MB
 f84609347f5a Downloading 23.07MB
 913610d1e990 Downloading 20.97MB
 ece23617e805 Extracting 1B
 402614bd39aa Downloading 15.73MB
 87d5498df706 Downloading 8.389MB
 51365f04b688 Downloading 9.437MB
 bb74cba8e387 Downloading 14.68MB
 2b148d8d601c Downloading 5.243MB
 735466958c33 Downloading 34.6MB
 f84609347f5a Downloading 23.07MB
 913610d1e990 Downloading 20.97MB
 ece23617e805 Extracting 1B
 402614bd39aa Downloading 15.73MB
 87d5498df706 Downloading 8.389MB
 bb74cba8e387 Downloading 14.68MB
 2b148d8d601c Downloading 5.243MB
 51365f04b688 Downloading 9.437MB
 735466958c33 Downloading 34.6MB
 f84609347f5a Downloading 23.07MB
 913610d1e990 Downloading 20.97MB
 8c3c9b0c8796 Extracting 1B
 df0f7b304e58 Pull complete 0B
 ece23617e805 Pull complete 0B
 402614bd39aa Downloading 15.73MB
 87d5498df706 Downloading 8.389MB
 51365f04b688 Downloading 9.437MB
 bb74cba8e387 Downloading 14.68MB
 2b148d8d601c Downloading 5.243MB
 735466958c33 Downloading 34.6MB
 f84609347f5a Downloading 23.07MB
 913610d1e990 Downloading 20.97MB
 8c3c9b0c8796 Extracting 1B
 87d5498df706 Downloading 9.437MB
 402614bd39aa Downloading 15.73MB
 2b148d8d601c Downloading 5.243MB
 51365f04b688 Downloading 9.437MB
 bb74cba8e387 Downloading 14.68MB
 735466958c33 Downloading 34.6MB
 f84609347f5a Downloading 23.07MB
 913610d1e990 Downloading 20.97MB
 8c3c9b0c8796 Extracting 1B
 402614bd39aa Downloading 15.73MB
 87d5498df706 Downloading 9.437MB
 bb74cba8e387 Downloading 14.68MB
 2b148d8d601c Downloading 5.243MB
 51365f04b688 Downloading 9.437MB
 735466958c33 Downloading 34.6MB
 f84609347f5a Downloading 23.07MB
 913610d1e990 Downloading 20.97MB
 87d5498df706 Downloading 9.437MB
 402614bd39aa Downloading 15.73MB
 2b148d8d601c Downloading 5.243MB
 51365f04b688 Downloading 9.437MB
 bb74cba8e387 Downloading 15.73MB
 913610d1e990 Downloading 22.02MB
 735466958c33 Downloading 34.6MB
 f84609347f5a Downloading 24.12MB
 8c3c9b0c8796 Pull complete 0B
 402614bd39aa Downloading 16.78MB
 87d5498df706 Downloading 9.437MB
 bb74cba8e387 Downloading 15.73MB
 2b148d8d601c Downloading 5.243MB
 51365f04b688 Downloading 9.437MB
 913610d1e990 Downloading 22.02MB
 735466958c33 Downloading 35.65MB
 f84609347f5a Downloading 24.12MB
 87d5498df706 Downloading 9.437MB
 402614bd39aa Downloading 16.78MB
 2b148d8d601c Downloading 5.243MB
 51365f04b688 Downloading 9.437MB
 bb74cba8e387 Downloading 15.73MB
 735466958c33 Downloading 35.65MB
 f84609347f5a Downloading 24.12MB
 913610d1e990 Downloading 22.02MB
 402614bd39aa Downloading 16.78MB
 87d5498df706 Downloading 9.437MB
 bb74cba8e387 Downloading 15.73MB
 2b148d8d601c Downloading 5.243MB
 51365f04b688 Downloading 9.437MB
 735466958c33 Downloading 35.65MB
 f84609347f5a Downloading 24.12MB
 913610d1e990 Downloading 22.02MB
 402614bd39aa Downloading 16.78MB
 87d5498df706 Downloading 9.437MB
 bb74cba8e387 Downloading 15.73MB
 2b148d8d601c Downloading 5.243MB
 51365f04b688 Downloading 9.437MB
 f84609347f5a Downloading 24.12MB
 913610d1e990 Downloading 22.02MB
 735466958c33 Downloading 35.65MB
 402614bd39aa Downloading 16.78MB
 87d5498df706 Downloading 9.437MB
 bb74cba8e387 Downloading 15.73MB
 2b148d8d601c Downloading 6.291MB
 51365f04b688 Downloading 9.437MB
 735466958c33 Downloading 35.65MB
 f84609347f5a Downloading 24.12MB
 913610d1e990 Downloading 22.02MB
 402614bd39aa Downloading 17.83MB
 87d5498df706 Downloading 9.437MB
 2b148d8d601c Downloading 6.291MB
 51365f04b688 Downloading 9.437MB
 bb74cba8e387 Downloading 15.73MB
 735466958c33 Downloading 35.65MB
 f84609347f5a Downloading 24.12MB
 913610d1e990 Downloading 22.02MB
 402614bd39aa Downloading 17.83MB
 87d5498df706 Downloading 10.49MB
 2b148d8d601c Downloading 6.291MB
 51365f04b688 Downloading 10.49MB
 bb74cba8e387 Downloading 15.73MB
 735466958c33 Downloading 36.7MB
 f84609347f5a Downloading 25.17MB
 913610d1e990 Downloading 22.02MB
 87d5498df706 Downloading 10.49MB
 402614bd39aa Downloading 17.83MB
 bb74cba8e387 Downloading 15.73MB
 2b148d8d601c Downloading 6.291MB
 51365f04b688 Downloading 10.49MB
 f84609347f5a Downloading 25.17MB
 913610d1e990 Downloading 22.02MB
 735466958c33 Downloading 36.7MB
 402614bd39aa Downloading 17.83MB
 87d5498df706 Downloading 10.49MB
 51365f04b688 Downloading 10.49MB
 bb74cba8e387 Downloading 15.73MB
 2b148d8d601c Downloading 6.291MB
 f84609347f5a Downloading 25.17MB
 913610d1e990 Downloading 23.07MB
 735466958c33 Downloading 36.7MB
 87d5498df706 Downloading 10.49MB
 402614bd39aa Downloading 17.83MB
 2b148d8d601c Downloading 6.291MB
 51365f04b688 Downloading 10.49MB
 bb74cba8e387 Downloading 16.78MB
 735466958c33 Downloading 36.7MB
 f84609347f5a Downloading 25.17MB
 913610d1e990 Download complete 0B
 402614bd39aa Downloading 18.87MB
 87d5498df706 Downloading 10.49MB
 bb74cba8e387 Downloading 16.78MB
 2b148d8d601c Downloading 6.291MB
 51365f04b688 Downloading 10.49MB
 735466958c33 Downloading 36.7MB
 f84609347f5a Downloading 25.17MB
 87d5498df706 Downloading 10.49MB
 402614bd39aa Downloading 18.87MB
 bb74cba8e387 Downloading 16.78MB
 2b148d8d601c Downloading 6.291MB
 51365f04b688 Downloading 10.49MB
 f84609347f5a Downloading 25.17MB
 735466958c33 Downloading 37.62MB
 402614bd39aa Downloading 18.87MB
 87d5498df706 Downloading 10.49MB
 2b148d8d601c Downloading 6.291MB
 51365f04b688 Downloading 10.49MB
 bb74cba8e387 Downloading 16.78MB
 735466958c33 Downloading 37.75MB
 f84609347f5a Downloading 26.21MB
 402614bd39aa Downloading 18.87MB
 87d5498df706 Downloading 11.53MB
 bb74cba8e387 Downloading 16.78MB
 2b148d8d601c Downloading 6.291MB
 51365f04b688 Downloading 10.49MB
 735466958c33 Downloading 37.75MB
 f84609347f5a Downloading 26.21MB
 87d5498df706 Downloading 11.53MB
 402614bd39aa Downloading 18.87MB
 bb74cba8e387 Downloading 16.78MB
 2b148d8d601c Downloading 6.291MB
 51365f04b688 Downloading 10.49MB
 735466958c33 Downloading 37.75MB
 f84609347f5a Downloading 26.21MB
 402614bd39aa Downloading 19.92MB
 87d5498df706 Downloading 11.53MB
 bb74cba8e387 Downloading 16.78MB
 2b148d8d601c Downloading 6.291MB
 51365f04b688 Downloading 11.53MB
 735466958c33 Downloading 37.75MB
 f84609347f5a Downloading 26.21MB
 87d5498df706 Downloading 11.53MB
 402614bd39aa Downloading 19.92MB
 51365f04b688 Downloading 11.53MB
 bb74cba8e387 Downloading 17.83MB
 2b148d8d601c Downloading 6.291MB
 735466958c33 Downloading 38.8MB
 f84609347f5a Downloading 26.21MB
 87d5498df706 Downloading 11.53MB
 402614bd39aa Downloading 19.92MB
 bb74cba8e387 Downloading 17.83MB
 2b148d8d601c Downloading 6.291MB
 51365f04b688 Downloading 11.53MB
 735466958c33 Downloading 38.8MB
 f84609347f5a Downloading 26.21MB
 402614bd39aa Downloading 20.97MB
 87d5498df706 Downloading 11.53MB
 bb74cba8e387 Downloading 17.83MB
 2b148d8d601c Downloading 6.291MB
 51365f04b688 Downloading 11.53MB
 735466958c33 Downloading 38.8MB
 f84609347f5a Downloading 26.21MB
 87d5498df706 Downloading 11.53MB
 402614bd39aa Downloading 20.97MB
 bb74cba8e387 Downloading 17.83MB
 2b148d8d601c Downloading 7.34MB
 51365f04b688 Downloading 11.53MB
 735466958c33 Downloading 38.8MB
 f84609347f5a Downloading 27.26MB
 87d5498df706 Downloading 11.53MB
 402614bd39aa Downloading 20.97MB
 bb74cba8e387 Downloading 17.83MB
 2b148d8d601c Downloading 7.34MB
 51365f04b688 Downloading 11.53MB
 735466958c33 Downloading 38.8MB
 f84609347f5a Downloading 27.26MB
 87d5498df706 Downloading 12.58MB
 402614bd39aa Downloading 20.97MB
 51365f04b688 Downloading 11.53MB
 bb74cba8e387 Downloading 17.83MB
 2b148d8d601c Downloading 7.34MB
 735466958c33 Downloading 38.8MB
 f84609347f5a Downloading 27.26MB
 402614bd39aa Downloading 22.02MB
 87d5498df706 Downloading 12.58MB
 51365f04b688 Downloading 11.53MB
 bb74cba8e387 Downloading 17.83MB
 2b148d8d601c Downloading 7.34MB
 f84609347f5a Downloading 27.26MB
 735466958c33 Downloading 39.85MB
 87d5498df706 Downloading 12.58MB
 402614bd39aa Downloading 22.02MB
 bb74cba8e387 Downloading 17.83MB
 2b148d8d601c Downloading 7.34MB
 51365f04b688 Downloading 11.53MB
 735466958c33 Downloading 39.85MB
 f84609347f5a Downloading 27.26MB
 87d5498df706 Downloading 12.58MB
 402614bd39aa Downloading 22.02MB
 bb74cba8e387 Downloading 17.83MB
 2b148d8d601c Downloading 7.34MB
 51365f04b688 Downloading 11.53MB
 735466958c33 Downloading 39.85MB
 f84609347f5a Downloading 27.26MB
 402614bd39aa Downloading 22.02MB
 87d5498df706 Downloading 12.58MB
 bb74cba8e387 Downloading 18.87MB
 2b148d8d601c Downloading 7.34MB
 51365f04b688 Downloading 11.53MB
 735466958c33 Downloading 39.85MB
 f84609347f5a Downloading 28.31MB
 402614bd39aa Downloading 22.02MB
 87d5498df706 Downloading 12.58MB
 bb74cba8e387 Downloading 18.87MB
 2b148d8d601c Downloading 7.34MB
 51365f04b688 Downloading 11.53MB
 735466958c33 Downloading 39.85MB
 f84609347f5a Downloading 28.31MB
 87d5498df706 Downloading 13.63MB
 402614bd39aa Downloading 23.07MB
 2b148d8d601c Downloading 7.34MB
 51365f04b688 Downloading 11.53MB
 bb74cba8e387 Downloading 18.87MB
 735466958c33 Downloading 40.89MB
 f84609347f5a Downloading 28.31MB
 87d5498df706 Downloading 13.63MB
 402614bd39aa Downloading 23.07MB
 51365f04b688 Downloading 11.53MB
 bb74cba8e387 Downloading 18.87MB
 2b148d8d601c Downloading 7.34MB
 f84609347f5a Downloading 28.31MB
 735466958c33 Downloading 40.89MB
 402614bd39aa Downloading 23.07MB
 87d5498df706 Downloading 13.63MB
 2b148d8d601c Downloading 7.34MB
 51365f04b688 Downloading 11.53MB
 bb74cba8e387 Downloading 18.87MB
 735466958c33 Downloading 40.89MB
 f84609347f5a Downloading 28.31MB
 87d5498df706 Downloading 13.63MB
 402614bd39aa Downloading 23.07MB
 bb74cba8e387 Downloading 18.87MB
 2b148d8d601c Downloading 7.34MB
 51365f04b688 Downloading 12.58MB
 735466958c33 Downloading 40.89MB
 f84609347f5a Downloading 28.31MB
 402614bd39aa Downloading 24.12MB
 87d5498df706 Downloading 13.63MB
 2b148d8d601c Download complete 0B
 51365f04b688 Downloading 12.58MB
 bb74cba8e387 Downloading 18.87MB
 735466958c33 Downloading 40.89MB
 f84609347f5a Downloading 29.36MB
 402614bd39aa Downloading 24.12MB
 87d5498df706 Downloading 13.63MB
 bb74cba8e387 Downloading 19.92MB
 51365f04b688 Downloading 12.58MB
 735466958c33 Downloading 41.94MB
 f84609347f5a Downloading 29.36MB
 402614bd39aa Downloading 24.12MB
 87d5498df706 Downloading 14.68MB
 bb74cba8e387 Downloading 19.92MB
 51365f04b688 Downloading 12.58MB
 735466958c33 Downloading 41.94MB
 f84609347f5a Downloading 29.36MB
 402614bd39aa Downloading 24.12MB
 87d5498df706 Downloading 14.68MB
 51365f04b688 Downloading 12.58MB
 bb74cba8e387 Downloading 19.92MB
 f84609347f5a Downloading 29.36MB
 735466958c33 Downloading 41.94MB
 87d5498df706 Download complete 0B
 402614bd39aa Downloading 24.12MB
 bb74cba8e387 Downloading 19.92MB
 51365f04b688 Downloading 12.58MB
 f84609347f5a Downloading 29.36MB
 735466958c33 Downloading 41.94MB
 402614bd39aa Downloading 25.17MB
 51365f04b688 Downloading 12.58MB
 bb74cba8e387 Downloading 19.92MB
 735466958c33 Downloading 41.94MB
 f84609347f5a Downloading 30.41MB
 402614bd39aa Downloading 25.17MB
 bb74cba8e387 Downloading 19.92MB
 51365f04b688 Downloading 12.58MB
 735466958c33 Downloading 42.99MB
 f84609347f5a Downloading 30.41MB
 402614bd39aa Downloading 26.21MB
 bb74cba8e387 Downloading 19.92MB
 51365f04b688 Downloading 12.58MB
 735466958c33 Downloading 42.99MB
 f84609347f5a Downloading 30.41MB
 402614bd39aa Downloading 26.21MB
 51365f04b688 Downloading 12.58MB
 bb74cba8e387 Downloading 20.97MB
 735466958c33 Downloading 42.99MB
 f84609347f5a Downloading 30.41MB
 402614bd39aa Downloading 26.21MB
 51365f04b688 Downloading 12.58MB
 bb74cba8e387 Downloading 20.97MB
 735466958c33 Downloading 42.99MB
 f84609347f5a Downloading 31.46MB
 402614bd39aa Downloading 27.26MB
 51365f04b688 Downloading 12.58MB
 bb74cba8e387 Downloading 20.97MB
 735466958c33 Downloading 44.04MB
 f84609347f5a Downloading 31.46MB
 402614bd39aa Downloading 27.26MB
 bb74cba8e387 Downloading 20.97MB
 51365f04b688 Downloading 13.63MB
 735466958c33 Downloading 44.04MB
 f84609347f5a Downloading 31.46MB
 402614bd39aa Downloading 27.26MB
 51365f04b688 Downloading 13.63MB
 bb74cba8e387 Downloading 20.97MB
 735466958c33 Downloading 44.04MB
 f84609347f5a Downloading 32.51MB
 402614bd39aa Download complete 0B
 402614bd39aa Extracting 1B
 bb74cba8e387 Downloading 20.97MB
 51365f04b688 Downloading 13.63MB
 735466958c33 Downloading 44.04MB
 f84609347f5a Downloading 32.51MB
 402614bd39aa Extracting 1B
 51365f04b688 Downloading 13.63MB
 bb74cba8e387 Downloading 22.02MB
 735466958c33 Downloading 45.09MB
 f84609347f5a Downloading 32.51MB
 402614bd39aa Extracting 1B
 bb74cba8e387 Downloading 22.02MB
 51365f04b688 Downloading 13.63MB
 735466958c33 Downloading 45.09MB
 f84609347f5a Downloading 32.51MB
 402614bd39aa Extracting 1B
 51365f04b688 Downloading 13.63MB
 bb74cba8e387 Downloading 22.02MB
 735466958c33 Downloading 45.09MB
 f84609347f5a Downloading 33.55MB
 402614bd39aa Extracting 1B
 bb74cba8e387 Downloading 22.02MB
 51365f04b688 Downloading 13.63MB
 735466958c33 Downloading 46.14MB
 f84609347f5a Downloading 33.55MB
 402614bd39aa Extracting 1B
 bb74cba8e387 Downloading 22.02MB
 51365f04b688 Downloading 13.63MB
 735466958c33 Downloading 46.14MB
 f84609347f5a Downloading 33.55MB
 402614bd39aa Extracting 1B
 51365f04b688 Downloading 13.63MB
 bb74cba8e387 Downloading 22.02MB
 735466958c33 Downloading 46.14MB
 f84609347f5a Downloading 33.55MB
 cde74f8ea10c Pull complete 0B
 e64a5a3c1c27 Pull complete 0B
 87d5498df706 Extracting 1B
 402614bd39aa Pull complete 0B
 bb74cba8e387 Downloading 23.07MB
 51365f04b688 Downloading 13.63MB
 735466958c33 Downloading 46.14MB
 f84609347f5a Downloading 34.6MB
 87d5498df706 Extracting 1B
 51365f04b688 Downloading 13.63MB
 bb74cba8e387 Downloading 23.07MB
 735466958c33 Downloading 47.19MB
 f84609347f5a Downloading 34.6MB
 87d5498df706 Extracting 1B
 bb74cba8e387 Downloading 23.07MB
 51365f04b688 Downloading 14.68MB
 735466958c33 Downloading 47.19MB
 f84609347f5a Downloading 34.6MB
 87d5498df706 Extracting 1B
 4f4fb700ef54 Pull complete 0B
 45778d4070f1 Pull complete 0B
 6dbea32583b6 Pull complete 0B
 87d5498df706 Pull complete 0B
 Image redis:7.2-bookworm Pulled 
 51365f04b688 Downloading 14.68MB
 bb74cba8e387 Downloading 23.07MB
 735466958c33 Downloading 47.19MB
 f84609347f5a Downloading 35.65MB
 51365f04b688 Downloading 14.68MB
 bb74cba8e387 Downloading 23.07MB
 f84609347f5a Downloading 35.65MB
 735466958c33 Downloading 47.19MB
 bb74cba8e387 Downloading 24.12MB
 51365f04b688 Downloading 14.68MB
 735466958c33 Downloading 48.23MB
 f84609347f5a Downloading 35.65MB
 bb74cba8e387 Downloading 24.12MB
 51365f04b688 Downloading 14.68MB
 735466958c33 Downloading 48.23MB
 f84609347f5a Downloading 35.65MB
 bb74cba8e387 Downloading 24.12MB
 51365f04b688 Downloading 14.68MB
 735466958c33 Downloading 49.28MB
 f84609347f5a Downloading 36.7MB
 bb74cba8e387 Downloading 25.17MB
 51365f04b688 Downloading 14.68MB
 f84609347f5a Downloading 36.7MB
 735466958c33 Downloading 49.28MB
 51365f04b688 Downloading 14.68MB
 bb74cba8e387 Downloading 25.17MB
 735466958c33 Downloading 49.28MB
 f84609347f5a Downloading 36.7MB
 bb74cba8e387 Downloading 25.17MB
 51365f04b688 Downloading 14.68MB
 f84609347f5a Downloading 36.7MB
 735466958c33 Downloading 50.33MB
 51365f04b688 Downloading 14.68MB
 bb74cba8e387 Downloading 25.17MB
 735466958c33 Downloading 50.33MB
 f84609347f5a Downloading 37.75MB
 bb74cba8e387 Downloading 25.17MB
 51365f04b688 Downloading 15.73MB
 735466958c33 Downloading 50.33MB
 f84609347f5a Downloading 37.75MB
 51365f04b688 Downloading 15.73MB
 bb74cba8e387 Downloading 26.21MB
 735466958c33 Downloading 51.38MB
 f84609347f5a Downloading 37.75MB
 51365f04b688 Downloading 15.73MB
 bb74cba8e387 Downloading 26.21MB
 735466958c33 Downloading 51.38MB
 f84609347f5a Downloading 37.75MB
 bb74cba8e387 Downloading 26.21MB
 51365f04b688 Downloading 15.73MB
 735466958c33 Downloading 51.38MB
 f84609347f5a Downloading 38.8MB
 51365f04b688 Downloading 15.73MB
 bb74cba8e387 Downloading 26.21MB
 735466958c33 Downloading 52.43MB
 f84609347f5a Downloading 38.8MB
 51365f04b688 Downloading 15.73MB
 bb74cba8e387 Downloading 27.26MB
 f84609347f5a Downloading 38.8MB
 735466958c33 Downloading 52.43MB
 bb74cba8e387 Downloading 27.26MB
 51365f04b688 Downloading 15.73MB
 735466958c33 Downloading 52.43MB
 f84609347f5a Downloading 39.85MB
 bb74cba8e387 Downloading 27.26MB
 51365f04b688 Downloading 15.73MB
 735466958c33 Downloading 53.48MB
 f84609347f5a Downloading 39.85MB
 bb74cba8e387 Downloading 27.26MB
 51365f04b688 Downloading 15.73MB
 735466958c33 Downloading 53.48MB
 f84609347f5a Downloading 39.85MB
 51365f04b688 Downloading 16.78MB
 bb74cba8e387 Downloading 28.31MB
 735466958c33 Downloading 53.48MB
 f84609347f5a Downloading 40.89MB
 bb74cba8e387 Downloading 28.31MB
 51365f04b688 Downloading 16.78MB
 735466958c33 Downloading 54.53MB
 f84609347f5a Downloading 40.89MB
 51365f04b688 Downloading 16.78MB
 bb74cba8e387 Downloading 28.31MB
 735466958c33 Downloading 54.53MB
 f84609347f5a Downloading 40.89MB
 51365f04b688 Downloading 16.78MB
 bb74cba8e387 Downloading 28.31MB
 735466958c33 Downloading 55.57MB
 f84609347f5a Downloading 40.89MB
 bb74cba8e387 Downloading 28.31MB
 51365f04b688 Downloading 16.78MB
 735466958c33 Downloading 55.57MB
 f84609347f5a Downloading 40.89MB
 bb74cba8e387 Downloading 29.36MB
 51365f04b688 Downloading 16.78MB
 735466958c33 Downloading 55.57MB
 f84609347f5a Downloading 41.94MB
 51365f04b688 Downloading 16.78MB
 bb74cba8e387 Downloading 29.36MB
 735466958c33 Downloading 56.62MB
 f84609347f5a Downloading 41.94MB
 bb74cba8e387 Downloading 29.36MB
 51365f04b688 Downloading 16.78MB
 735466958c33 Downloading 56.62MB
 f84609347f5a Downloading 42.99MB
 51365f04b688 Downloading 16.78MB
 bb74cba8e387 Downloading 30.41MB
 735466958c33 Downloading 57.67MB
 f84609347f5a Downloading 42.99MB
 51365f04b688 Downloading 16.78MB
 bb74cba8e387 Downloading 30.41MB
 735466958c33 Downloading 57.67MB
 f84609347f5a Downloading 42.99MB
 bb74cba8e387 Downloading 30.41MB
 51365f04b688 Downloading 17.83MB
 735466958c33 Downloading 57.67MB
 f84609347f5a Downloading 42.99MB
 bb74cba8e387 Downloading 30.41MB
 51365f04b688 Downloading 17.83MB
 735466958c33 Downloading 58.72MB
 f84609347f5a Downloading 44.04MB
 51365f04b688 Downloading 17.83MB
 bb74cba8e387 Downloading 30.41MB
 735466958c33 Downloading 58.72MB
 f84609347f5a Downloading 44.04MB
 bb74cba8e387 Downloading 31.46MB
 51365f04b688 Downloading 17.83MB
 735466958c33 Downloading 58.72MB
 f84609347f5a Downloading 44.04MB
 bb74cba8e387 Downloading 31.46MB
 51365f04b688 Downloading 17.83MB
 735466958c33 Downloading 59.77MB
 f84609347f5a Downloading 44.04MB
 51365f04b688 Downloading 17.83MB
 bb74cba8e387 Downloading 31.46MB
 735466958c33 Downloading 59.77MB
 f84609347f5a Downloading 45.09MB
 51365f04b688 Downloading 17.83MB
 bb74cba8e387 Downloading 31.46MB
 735466958c33 Downloading 59.77MB
 f84609347f5a Downloading 45.09MB
 bb74cba8e387 Downloading 32.51MB
 51365f04b688 Downloading 18.87MB
 735466958c33 Downloading 60.82MB
 f84609347f5a Downloading 45.09MB
 51365f04b688 Downloading 18.87MB
 bb74cba8e387 Downloading 32.51MB
 735466958c33 Downloading 60.82MB
 f84609347f5a Downloading 46.14MB
 51365f04b688 Downloading 18.87MB
 bb74cba8e387 Downloading 32.51MB
 735466958c33 Downloading 60.82MB
 f84609347f5a Downloading 46.14MB
 bb74cba8e387 Downloading 32.51MB
 51365f04b688 Downloading 18.87MB
 f84609347f5a Downloading 46.14MB
 735466958c33 Downloading 60.82MB
 51365f04b688 Downloading 18.87MB
 bb74cba8e387 Downloading 33.55MB
 735466958c33 Downloading 61.87MB
 f84609347f5a Downloading 46.14MB
 51365f04b688 Downloading 18.87MB
 bb74cba8e387 Downloading 33.55MB
 735466958c33 Downloading 62.91MB
 f84609347f5a Downloading 47.19MB
 bb74cba8e387 Downloading 33.55MB
 51365f04b688 Downloading 18.87MB
 735466958c33 Downloading 62.91MB
 f84609347f5a Downloading 47.19MB
 51365f04b688 Downloading 18.87MB
 bb74cba8e387 Downloading 34.6MB
 735466958c33 Downloading 62.91MB
 f84609347f5a Downloading 47.19MB
 bb74cba8e387 Downloading 34.6MB
 51365f04b688 Downloading 18.87MB
 735466958c33 Downloading 62.91MB
 f84609347f5a Downloading 47.19MB
 51365f04b688 Downloading 18.87MB
 bb74cba8e387 Downloading 34.6MB
 735466958c33 Downloading 63.96MB
 f84609347f5a Downloading 48.23MB
 51365f04b688 Downloading 19.92MB
 bb74cba8e387 Downloading 34.6MB
 f84609347f5a Downloading 48.23MB
 735466958c33 Downloading 63.96MB
 51365f04b688 Downloading 19.92MB
 bb74cba8e387 Downloading 35.65MB
 735466958c33 Downloading 65.01MB
 f84609347f5a Downloading 48.23MB
 bb74cba8e387 Downloading 35.65MB
 51365f04b688 Downloading 19.92MB
 735466958c33 Downloading 65.01MB
 f84609347f5a Downloading 49.28MB
 51365f04b688 Downloading 19.92MB
 bb74cba8e387 Downloading 35.65MB
 735466958c33 Downloading 65.01MB
 f84609347f5a Downloading 49.28MB
 bb74cba8e387 Downloading 35.65MB
 51365f04b688 Downloading 19.92MB
 735466958c33 Downloading 66.06MB
 f84609347f5a Downloading 49.28MB
 51365f04b688 Downloading 19.92MB
 bb74cba8e387 Downloading 36.7MB
 735466958c33 Downloading 66.06MB
 f84609347f5a Downloading 49.28MB
 bb74cba8e387 Downloading 36.7MB
 51365f04b688 Downloading 19.92MB
 735466958c33 Downloading 66.06MB
 f84609347f5a Downloading 50.33MB
 51365f04b688 Downloading 19.92MB
 bb74cba8e387 Downloading 36.7MB
 735466958c33 Downloading 67.11MB
 f84609347f5a Downloading 50.33MB
 51365f04b688 Downloading 19.92MB
 bb74cba8e387 Downloading 37.75MB
 735466958c33 Downloading 67.11MB
 f84609347f5a Downloading 50.33MB
 51365f04b688 Downloading 19.92MB
 bb74cba8e387 Downloading 37.75MB
 735466958c33 Downloading 67.11MB
 f84609347f5a Downloading 50.33MB
 51365f04b688 Downloading 20.97MB
 bb74cba8e387 Downloading 37.75MB
 735466958c33 Downloading 68.16MB
 f84609347f5a Downloading 51.38MB
 bb74cba8e387 Downloading 38.8MB
 51365f04b688 Downloading 20.97MB
 735466958c33 Downloading 68.16MB
 f84609347f5a Downloading 51.38MB
 bb74cba8e387 Downloading 38.8MB
 51365f04b688 Downloading 20.97MB
 735466958c33 Downloading 69.21MB
 f84609347f5a Downloading 51.38MB
 bb74cba8e387 Downloading 38.8MB
 51365f04b688 Downloading 20.97MB
 735466958c33 Downloading 69.21MB
 f84609347f5a Downloading 51.38MB
 bb74cba8e387 Downloading 38.8MB
 51365f04b688 Downloading 20.97MB
 735466958c33 Downloading 69.21MB
 f84609347f5a Downloading 51.38MB
 bb74cba8e387 Downloading 39.85MB
 51365f04b688 Downloading 20.97MB
 735466958c33 Downloading 69.21MB
 f84609347f5a Downloading 52.43MB
 bb74cba8e387 Downloading 39.85MB
 51365f04b688 Downloading 20.97MB
 735466958c33 Downloading 70.25MB
 f84609347f5a Downloading 52.43MB
 51365f04b688 Downloading 20.97MB
 bb74cba8e387 Downloading 39.85MB
 735466958c33 Downloading 70.25MB
 f84609347f5a Downloading 52.43MB
 bb74cba8e387 Downloading 40.89MB
 51365f04b688 Downloading 22.02MB
 735466958c33 Downloading 71.3MB
 f84609347f5a Downloading 53.48MB
 51365f04b688 Downloading 22.02MB
 bb74cba8e387 Downloading 40.89MB
 735466958c33 Downloading 71.3MB
 f84609347f5a Downloading 53.48MB
 51365f04b688 Downloading 22.02MB
 bb74cba8e387 Downloading 40.89MB
 735466958c33 Downloading 71.3MB
 f84609347f5a Downloading 53.48MB
 51365f04b688 Downloading 22.02MB
 bb74cba8e387 Downloading 41.94MB
 735466958c33 Downloading 72.35MB
 f84609347f5a Downloading 54.53MB
 bb74cba8e387 Downloading 41.94MB
 51365f04b688 Downloading 22.02MB
 735466958c33 Downloading 72.35MB
 f84609347f5a Downloading 54.53MB
 51365f04b688 Downloading 22.02MB
 bb74cba8e387 Downloading 41.94MB
 f84609347f5a Downloading 54.53MB
 735466958c33 Downloading 72.35MB
 bb74cba8e387 Downloading 41.94MB
 51365f04b688 Downloading 22.02MB
 735466958c33 Downloading 72.35MB
 f84609347f5a Downloading 54.53MB
 bb74cba8e387 Downloading 42.99MB
 51365f04b688 Downloading 22.02MB
 735466958c33 Downloading 73.4MB
 f84609347f5a Downloading 54.53MB
 bb74cba8e387 Downloading 42.99MB
 51365f04b688 Downloading 22.02MB
 735466958c33 Downloading 73.4MB
 f84609347f5a Downloading 55.57MB
 bb74cba8e387 Downloading 42.99MB
 51365f04b688 Downloading 22.02MB
 f84609347f5a Downloading 55.57MB
 735466958c33 Downloading 73.4MB
 bb74cba8e387 Downloading 44.04MB
 51365f04b688 Downloading 23.07MB
 735466958c33 Downloading 74.45MB
 f84609347f5a Downloading 55.57MB
 bb74cba8e387 Downloading 44.04MB
 51365f04b688 Downloading 23.07MB
 735466958c33 Downloading 74.45MB
 f84609347f5a Downloading 55.57MB
 51365f04b688 Downloading 23.07MB
 bb74cba8e387 Downloading 44.04MB
 735466958c33 Downloading 74.45MB
 f84609347f5a Downloading 55.57MB
 bb74cba8e387 Downloading 45.09MB
 51365f04b688 Downloading 23.07MB
 735466958c33 Downloading 75.5MB
 f84609347f5a Downloading 56.62MB
 bb74cba8e387 Downloading 45.09MB
 51365f04b688 Downloading 23.07MB
 735466958c33 Downloading 75.5MB
 f84609347f5a Downloading 56.62MB
 bb74cba8e387 Downloading 45.09MB
 51365f04b688 Downloading 23.07MB
 f84609347f5a Downloading 56.62MB
 735466958c33 Downloading 76.55MB
 51365f04b688 Downloading 23.07MB
 bb74cba8e387 Downloading 45.09MB
 f84609347f5a Downloading 57.67MB
 735466958c33 Downloading 76.55MB
 bb74cba8e387 Downloading 45.09MB
 51365f04b688 Downloading 23.07MB
 735466958c33 Downloading 76.55MB
 f84609347f5a Downloading 57.67MB
 bb74cba8e387 Downloading 46.14MB
 51365f04b688 Downloading 23.07MB
 735466958c33 Downloading 77.59MB
 f84609347f5a Downloading 57.67MB
 bb74cba8e387 Downloading 47.19MB
 51365f04b688 Downloading 24.12MB
 f84609347f5a Downloading 58.72MB
 735466958c33 Downloading 77.59MB
 51365f04b688 Downloading 24.12MB
 bb74cba8e387 Downloading 47.19MB
 f84609347f5a Downloading 58.72MB
 735466958c33 Downloading 77.59MB
 bb74cba8e387 Downloading 47.19MB
 51365f04b688 Downloading 24.12MB
 f84609347f5a Downloading 58.72MB
 735466958c33 Downloading 77.59MB
 bb74cba8e387 Downloading 47.19MB
 51365f04b688 Downloading 24.12MB
 735466958c33 Downloading 77.59MB
 f84609347f5a Downloading 58.72MB
 51365f04b688 Downloading 24.12MB
 bb74cba8e387 Downloading 47.19MB
 f84609347f5a Downloading 58.72MB
 735466958c33 Downloading 78.64MB
 51365f04b688 Downloading 24.12MB
 bb74cba8e387 Downloading 48.23MB
 735466958c33 Downloading 79.69MB
 f84609347f5a Downloading 59.77MB
 bb74cba8e387 Downloading 48.23MB
 51365f04b688 Downloading 24.12MB
 735466958c33 Downloading 79.69MB
 f84609347f5a Downloading 59.77MB
 51365f04b688 Downloading 24.12MB
 bb74cba8e387 Downloading 48.23MB
 735466958c33 Downloading 79.69MB
 f84609347f5a Downloading 59.77MB
 51365f04b688 Downloading 24.12MB
 bb74cba8e387 Downloading 48.23MB
 735466958c33 Downloading 79.69MB
 f84609347f5a Downloading 59.77MB
 51365f04b688 Downloading 24.12MB
 bb74cba8e387 Downloading 49.28MB
 735466958c33 Downloading 80.74MB
 f84609347f5a Downloading 59.77MB
 51365f04b688 Downloading 25.17MB
 bb74cba8e387 Downloading 49.28MB
 735466958c33 Downloading 81.79MB
 f84609347f5a Downloading 60.82MB
 bb74cba8e387 Downloading 50.33MB
 51365f04b688 Downloading 25.17MB
 735466958c33 Downloading 81.79MB
 f84609347f5a Downloading 60.82MB
 bb74cba8e387 Downloading 50.33MB
 51365f04b688 Downloading 25.17MB
 735466958c33 Downloading 81.79MB
 f84609347f5a Downloading 60.82MB
 bb74cba8e387 Downloading 50.33MB
 51365f04b688 Downloading 25.17MB
 735466958c33 Downloading 82.84MB
 f84609347f5a Downloading 60.82MB
 bb74cba8e387 Downloading 50.33MB
 51365f04b688 Downloading 25.17MB
 735466958c33 Downloading 82.84MB
 f84609347f5a Downloading 60.82MB
 bb74cba8e387 Downloading 51.38MB
 51365f04b688 Downloading 25.17MB
 735466958c33 Downloading 83.89MB
 f84609347f5a Downloading 60.82MB
 bb74cba8e387 Downloading 51.38MB
 51365f04b688 Downloading 25.17MB
 735466958c33 Downloading 83.89MB
 f84609347f5a Downloading 60.82MB
 bb74cba8e387 Downloading 51.38MB
 51365f04b688 Downloading 25.17MB
 735466958c33 Downloading 84.93MB
 f84609347f5a Downloading 60.82MB
 51365f04b688 Downloading 25.17MB
 bb74cba8e387 Downloading 52.43MB
 735466958c33 Downloading 84.93MB
 f84609347f5a Downloading 60.82MB
 bb74cba8e387 Downloading 52.43MB
 51365f04b688 Downloading 25.17MB
 735466958c33 Downloading 84.93MB
 f84609347f5a Downloading 60.82MB
 bb74cba8e387 Downloading 52.43MB
 51365f04b688 Downloading 25.17MB
 735466958c33 Downloading 85.98MB
 f84609347f5a Downloading 61.87MB
 bb74cba8e387 Downloading 53.48MB
 51365f04b688 Downloading 25.17MB
 735466958c33 Downloading 87.03MB
 f84609347f5a Downloading 61.87MB
 bb74cba8e387 Downloading 53.48MB
 51365f04b688 Downloading 25.17MB
 735466958c33 Downloading 87.03MB
 f84609347f5a Downloading 61.87MB
 bb74cba8e387 Downloading 53.48MB
 51365f04b688 Downloading 25.17MB
 735466958c33 Downloading 88.08MB
 f84609347f5a Downloading 61.87MB
 51365f04b688 Downloading 25.17MB
 bb74cba8e387 Downloading 53.48MB
 735466958c33 Downloading 88.08MB
 f84609347f5a Downloading 61.87MB
 bb74cba8e387 Downloading 54.53MB
 51365f04b688 Downloading 25.17MB
 735466958c33 Downloading 88.08MB
 f84609347f5a Downloading 61.87MB
 bb74cba8e387 Downloading 55.57MB
 51365f04b688 Downloading 25.17MB
 735466958c33 Downloading 88.08MB
 f84609347f5a Downloading 61.87MB
 bb74cba8e387 Downloading 55.57MB
 51365f04b688 Downloading 25.17MB
 735466958c33 Downloading 89.13MB
 f84609347f5a Downloading 61.87MB
 51365f04b688 Downloading 25.17MB
 bb74cba8e387 Downloading 56.62MB
 735466958c33 Downloading 89.13MB
 f84609347f5a Downloading 61.87MB
 51365f04b688 Downloading 25.17MB
 bb74cba8e387 Downloading 56.62MB
 f84609347f5a Downloading 61.87MB
 735466958c33 Downloading 89.13MB
 51365f04b688 Downloading 26.21MB
 bb74cba8e387 Downloading 56.62MB
 735466958c33 Downloading 90.18MB
 f84609347f5a Downloading 62.91MB
 bb74cba8e387 Downloading 57.67MB
 51365f04b688 Downloading 26.21MB
 735466958c33 Downloading 90.18MB
 f84609347f5a Downloading 62.91MB
 51365f04b688 Downloading 26.21MB
 bb74cba8e387 Downloading 58.72MB
 735466958c33 Downloading 91.23MB
 f84609347f5a Downloading 62.91MB
 51365f04b688 Downloading 26.21MB
 bb74cba8e387 Downloading 58.72MB
 735466958c33 Downloading 91.23MB
 f84609347f5a Downloading 62.91MB
 51365f04b688 Downloading 26.21MB
 bb74cba8e387 Downloading 58.72MB
 f84609347f5a Downloading 62.91MB
 735466958c33 Downloading 91.23MB
 51365f04b688 Downloading 26.21MB
 bb74cba8e387 Downloading 59.77MB
 735466958c33 Downloading 91.23MB
 f84609347f5a Downloading 62.91MB
 bb74cba8e387 Downloading 59.77MB
 51365f04b688 Downloading 26.21MB
 735466958c33 Downloading 92.27MB
 f84609347f5a Downloading 62.91MB
 bb74cba8e387 Downloading 59.83MB
 51365f04b688 Downloading 26.21MB
 f84609347f5a Downloading 62.91MB
 735466958c33 Downloading 92.85MB
 51365f04b688 Downloading 26.21MB
 bb74cba8e387 Downloading 60.82MB
 f84609347f5a Downloading 62.91MB
 735466958c33 Downloading 93.32MB
 51365f04b688 Downloading 26.21MB
 bb74cba8e387 Downloading 60.82MB
 735466958c33 Downloading 93.32MB
 f84609347f5a Downloading 62.91MB
 bb74cba8e387 Downloading 60.82MB
 51365f04b688 Downloading 26.21MB
 735466958c33 Downloading 93.32MB
 f84609347f5a Downloading 62.91MB
 51365f04b688 Downloading 26.21MB
 bb74cba8e387 Downloading 61.87MB
 735466958c33 Downloading 94.37MB
 f84609347f5a Downloading 63.96MB
 51365f04b688 Downloading 26.21MB
 bb74cba8e387 Downloading 61.87MB
 735466958c33 Downloading 94.37MB
 f84609347f5a Downloading 63.96MB
 bb74cba8e387 Downloading 62.91MB
 51365f04b688 Downloading 27.26MB
 f84609347f5a Downloading 63.96MB
 735466958c33 Downloading 95.42MB
 bb74cba8e387 Downloading 63.96MB
 51365f04b688 Downloading 27.26MB
 735466958c33 Downloading 95.42MB
 f84609347f5a Downloading 63.96MB
 bb74cba8e387 Downloading 63.96MB
 51365f04b688 Downloading 27.26MB
 735466958c33 Downloading 95.42MB
 f84609347f5a Downloading 63.96MB
 bb74cba8e387 Downloading 63.96MB
 51365f04b688 Downloading 27.26MB
 735466958c33 Downloading 96.47MB
 f84609347f5a Downloading 63.96MB
 bb74cba8e387 Downloading 65.01MB
 51365f04b688 Downloading 27.26MB
 735466958c33 Downloading 96.47MB
 f84609347f5a Downloading 63.96MB
 bb74cba8e387 Downloading 65.01MB
 51365f04b688 Downloading 27.26MB
 735466958c33 Downloading 97.52MB
 f84609347f5a Downloading 63.96MB
 bb74cba8e387 Downloading 66.06MB
 51365f04b688 Downloading 27.26MB
 735466958c33 Downloading 97.52MB
 f84609347f5a Downloading 63.96MB
 bb74cba8e387 Downloading 66.06MB
 51365f04b688 Downloading 27.26MB
 735466958c33 Downloading 97.52MB
 f84609347f5a Downloading 63.96MB
 51365f04b688 Downloading 27.26MB
 bb74cba8e387 Downloading 66.06MB
 735466958c33 Downloading 98.57MB
 f84609347f5a Downloading 65.01MB
 bb74cba8e387 Downloading 67.11MB
 51365f04b688 Downloading 27.26MB
 735466958c33 Downloading 98.57MB
 f84609347f5a Downloading 65.01MB
 51365f04b688 Downloading 27.26MB
 bb74cba8e387 Downloading 67.11MB
 735466958c33 Downloading 99.61MB
 f84609347f5a Downloading 65.01MB
 bb74cba8e387 Downloading 68.16MB
 51365f04b688 Downloading 27.26MB
 f84609347f5a Downloading 65.01MB
 735466958c33 Downloading 99.61MB
 bb74cba8e387 Downloading 68.16MB
 51365f04b688 Downloading 27.26MB
 735466958c33 Downloading 99.61MB
 f84609347f5a Downloading 65.01MB
 51365f04b688 Downloading 27.26MB
 bb74cba8e387 Downloading 68.16MB
 735466958c33 Downloading 100.7MB
 f84609347f5a Downloading 65.01MB
 51365f04b688 Downloading 28.31MB
 bb74cba8e387 Downloading 69.21MB
 f84609347f5a Downloading 65.01MB
 735466958c33 Downloading 100.7MB
 51365f04b688 Downloading 28.31MB
 bb74cba8e387 Downloading 69.21MB
 f84609347f5a Downloading 65.01MB
 735466958c33 Downloading 101.7MB
 51365f04b688 Downloading 28.31MB
 bb74cba8e387 Downloading 70.25MB
 735466958c33 Downloading 101.7MB
 f84609347f5a Downloading 65.01MB
 bb74cba8e387 Downloading 70.25MB
 51365f04b688 Downloading 28.31MB
 735466958c33 Downloading 101.7MB
 f84609347f5a Downloading 65.01MB
 bb74cba8e387 Downloading 70.25MB
 51365f04b688 Downloading 28.31MB
 735466958c33 Downloading 101.7MB
 f84609347f5a Downloading 65.01MB
 bb74cba8e387 Downloading 71.3MB
 51365f04b688 Downloading 28.31MB
 735466958c33 Downloading 102.8MB
 f84609347f5a Downloading 66.06MB
 51365f04b688 Downloading 28.31MB
 bb74cba8e387 Downloading 72.35MB
 f84609347f5a Downloading 66.06MB
 735466958c33 Downloading 103.8MB
 bb74cba8e387 Downloading 72.35MB
 51365f04b688 Downloading 28.31MB
 735466958c33 Downloading 103.8MB
 f84609347f5a Downloading 66.06MB
 51365f04b688 Downloading 28.31MB
 bb74cba8e387 Downloading 73.4MB
 735466958c33 Downloading 103.8MB
 f84609347f5a Downloading 66.06MB
 bb74cba8e387 Downloading 73.4MB
 51365f04b688 Downloading 28.31MB
 735466958c33 Downloading 104.9MB
 f84609347f5a Downloading 66.06MB
 51365f04b688 Downloading 28.31MB
 bb74cba8e387 Downloading 73.4MB
 735466958c33 Downloading 104.9MB
 f84609347f5a Downloading 66.06MB
 bb74cba8e387 Downloading 74.45MB
 51365f04b688 Downloading 29.36MB
 735466958c33 Downloading 105.9MB
 f84609347f5a Downloading 66.06MB
 bb74cba8e387 Downloading 74.45MB
 51365f04b688 Downloading 29.36MB
 f84609347f5a Downloading 66.06MB
 735466958c33 Downloading 105.9MB
 51365f04b688 Downloading 29.36MB
 bb74cba8e387 Downloading 75.5MB
 f84609347f5a Downloading 67.11MB
 735466958c33 Downloading 107MB
 bb74cba8e387 Downloading 75.5MB
 51365f04b688 Downloading 29.36MB
 735466958c33 Downloading 107MB
 f84609347f5a Downloading 67.11MB
 bb74cba8e387 Downloading 75.5MB
 51365f04b688 Downloading 29.36MB
 735466958c33 Downloading 107MB
 f84609347f5a Downloading 67.11MB
 bb74cba8e387 Downloading 76.55MB
 51365f04b688 Downloading 29.36MB
 735466958c33 Downloading 108MB
 f84609347f5a Downloading 67.11MB
 51365f04b688 Downloading 29.36MB
 bb74cba8e387 Downloading 76.55MB
 735466958c33 Downloading 108MB
 f84609347f5a Downloading 67.11MB
 bb74cba8e387 Downloading 77.59MB
 51365f04b688 Downloading 29.36MB
 735466958c33 Downloading 109.1MB
 f84609347f5a Downloading 67.11MB
 bb74cba8e387 Downloading 77.59MB
 51365f04b688 Downloading 29.36MB
 735466958c33 Downloading 109.1MB
 f84609347f5a Downloading 67.11MB
 bb74cba8e387 Downloading 77.59MB
 51365f04b688 Download complete 0B
 f84609347f5a Downloading 67.11MB
 735466958c33 Downloading 109.1MB
 51365f04b688 Extracting 1B
 bb74cba8e387 Downloading 78.64MB
 735466958c33 Downloading 110.1MB
 f84609347f5a Downloading 67.11MB
 51365f04b688 Extracting 1B
 bb74cba8e387 Downloading 79.69MB
 735466958c33 Downloading 110.9MB
 f84609347f5a Downloading 68.16MB
 51365f04b688 Extracting 1B
 bb74cba8e387 Downloading 79.69MB
 f84609347f5a Downloading 68.16MB
 735466958c33 Downloading 111.1MB
 51365f04b688 Extracting 1B
 bb74cba8e387 Downloading 79.69MB
 735466958c33 Downloading 111.1MB
 f84609347f5a Downloading 68.16MB
 51365f04b688 Extracting 1B
 bb74cba8e387 Downloading 79.69MB
 735466958c33 Downloading 111.1MB
 f84609347f5a Downloading 68.16MB
 51365f04b688 Extracting 1B
 bb74cba8e387 Downloading 80.74MB
 51365f04b688 Extracting 1B
 735466958c33 Downloading 112.2MB
 f84609347f5a Downloading 68.16MB
 bb74cba8e387 Downloading 81.79MB
 735466958c33 Downloading 113.2MB
 f84609347f5a Downloading 68.16MB
 51365f04b688 Extracting 1B
 bb74cba8e387 Downloading 82.84MB
 f84609347f5a Downloading 68.16MB
 735466958c33 Downloading 113.2MB
 51365f04b688 Extracting 1B
 bb74cba8e387 Downloading 82.84MB
 67a0685eff33 Pull complete 0B
 289ba9b84cf8 Extracting 1B
 735466958c33 Downloading 113.2MB
 f84609347f5a Downloading 68.16MB
 51365f04b688 Pull complete 0B
 bb74cba8e387 Downloading 82.84MB
 735466958c33 Downloading 113.2MB
 f84609347f5a Downloading 68.16MB
 9830e9766e5f Extracting 1B
 289ba9b84cf8 Pull complete 0B
 bb74cba8e387 Downloading 83.89MB
 9830e9766e5f Pull complete 0B
 2b148d8d601c Extracting 1B
 735466958c33 Downloading 114.3MB
 f84609347f5a Downloading 68.16MB
 bb74cba8e387 Downloading 83.89MB
 8e69676c8795 Pull complete 0B
 5900f9d8e37a Pull complete 0B
 c6e27ff4af67 Pull complete 0B
 735466958c33 Downloading 115.3MB
 f84609347f5a Downloading 69.21MB
 2b148d8d601c Pull complete 0B
 bb74cba8e387 Downloading 84.93MB
 735466958c33 Downloading 115.3MB
 f84609347f5a Downloading 69.21MB
 bb74cba8e387 Downloading 84.93MB
 f84609347f5a Downloading 69.21MB
 735466958c33 Downloading 116.4MB
 bb74cba8e387 Downloading 84.93MB
 735466958c33 Downloading 116.4MB
 f84609347f5a Downloading 69.21MB
 bb74cba8e387 Downloading 85.98MB
 735466958c33 Downloading 116.4MB
 f84609347f5a Downloading 69.21MB
 bb74cba8e387 Downloading 87.03MB
 735466958c33 Downloading 117.4MB
 f84609347f5a Downloading 69.21MB
 bb74cba8e387 Downloading 87.03MB
 f84609347f5a Downloading 69.21MB
 735466958c33 Downloading 118.5MB
 bb74cba8e387 Downloading 87.03MB
 735466958c33 Downloading 119.5MB
 f84609347f5a Downloading 70.25MB
 bb74cba8e387 Downloading 87.03MB
 735466958c33 Downloading 119.5MB
 f84609347f5a Downloading 70.25MB
 bb74cba8e387 Downloading 87.03MB
 735466958c33 Downloading 119.5MB
 f84609347f5a Downloading 70.25MB
 bb74cba8e387 Downloading 87.03MB
 735466958c33 Downloading 120.5MB
 f84609347f5a Downloading 70.25MB
 bb74cba8e387 Downloading 88.08MB
 735466958c33 Downloading 120.6MB
 f84609347f5a Downloading 70.25MB
 bb74cba8e387 Downloading 88.08MB
 f84609347f5a Downloading 70.25MB
 735466958c33 Downloading 121.6MB
 bb74cba8e387 Downloading 88.08MB
 735466958c33 Downloading 121.6MB
 f84609347f5a Downloading 70.25MB
 bb74cba8e387 Downloading 88.08MB
 f84609347f5a Downloading 70.25MB
 735466958c33 Downloading 121.6MB
 bb74cba8e387 Downloading 89.13MB
 f84609347f5a Downloading 71.3MB
 735466958c33 Downloading 122.7MB
 bb74cba8e387 Downloading 90.18MB
 735466958c33 Downloading 123.7MB
 f84609347f5a Downloading 71.3MB
 bb74cba8e387 Downloading 90.18MB
 f84609347f5a Downloading 71.3MB
 735466958c33 Downloading 123.7MB
 bb74cba8e387 Downloading 90.18MB
 735466958c33 Downloading 124.8MB
 f84609347f5a Downloading 71.3MB
 bb74cba8e387 Downloading 90.18MB
 735466958c33 Downloading 124.8MB
 f84609347f5a Downloading 71.3MB
 bb74cba8e387 Downloading 91.23MB
 f84609347f5a Downloading 71.3MB
 735466958c33 Downloading 125.8MB
 bb74cba8e387 Downloading 92.27MB
 735466958c33 Downloading 125.8MB
 f84609347f5a Downloading 72.35MB
 bb74cba8e387 Downloading 92.27MB
 735466958c33 Downloading 126.9MB
 f84609347f5a Downloading 72.35MB
 bb74cba8e387 Downloading 92.27MB
 735466958c33 Downloading 126.9MB
 f84609347f5a Downloading 72.35MB
 bb74cba8e387 Downloading 92.27MB
 735466958c33 Downloading 126.9MB
 f84609347f5a Downloading 72.35MB
 bb74cba8e387 Downloading 93.32MB
 f84609347f5a Downloading 72.35MB
 735466958c33 Downloading 126.9MB
 bb74cba8e387 Downloading 93.32MB
 f84609347f5a Downloading 72.35MB
 735466958c33 Downloading 127.9MB
 bb74cba8e387 Downloading 94.37MB
 735466958c33 Downloading 129MB
 f84609347f5a Downloading 72.35MB
 bb74cba8e387 Downloading 95.42MB
 735466958c33 Downloading 130MB
 f84609347f5a Downloading 72.35MB
 bb74cba8e387 Downloading 95.42MB
 735466958c33 Downloading 130MB
 f84609347f5a Downloading 72.35MB
 bb74cba8e387 Downloading 95.42MB
 f84609347f5a Downloading 72.35MB
 735466958c33 Downloading 130MB
 bb74cba8e387 Downloading 96.47MB
 735466958c33 Downloading 131.1MB
 f84609347f5a Downloading 72.35MB
 bb74cba8e387 Downloading 97.52MB
 735466958c33 Downloading 132.1MB
 f84609347f5a Downloading 73.4MB
 bb74cba8e387 Downloading 97.52MB
 735466958c33 Downloading 132.1MB
 f84609347f5a Downloading 73.4MB
 bb74cba8e387 Downloading 97.52MB
 f84609347f5a Downloading 73.4MB
 735466958c33 Downloading 132.1MB
 bb74cba8e387 Downloading 98.57MB
 735466958c33 Downloading 132.1MB
 f84609347f5a Downloading 73.4MB
 bb74cba8e387 Downloading 99.61MB
 735466958c33 Downloading 133.2MB
 f84609347f5a Downloading 73.4MB
 bb74cba8e387 Downloading 99.61MB
 735466958c33 Downloading 134.2MB
 f84609347f5a Downloading 73.4MB
 bb74cba8e387 Downloading 99.61MB
 735466958c33 Downloading 134.2MB
 f84609347f5a Downloading 73.4MB
 bb74cba8e387 Downloading 100.7MB
 735466958c33 Downloading 134.2MB
 f84609347f5a Downloading 73.4MB
 bb74cba8e387 Downloading 100.7MB
 735466958c33 Downloading 134.2MB
 f84609347f5a Downloading 73.4MB
 bb74cba8e387 Downloading 101.7MB
 735466958c33 Downloading 135.3MB
 f84609347f5a Downloading 74.45MB
 bb74cba8e387 Downloading 101.7MB
 735466958c33 Downloading 135.3MB
 f84609347f5a Downloading 74.45MB
 bb74cba8e387 Downloading 102.8MB
 735466958c33 Downloading 136.3MB
 f84609347f5a Downloading 74.45MB
 bb74cba8e387 Downloading 102.8MB
 735466958c33 Downloading 136.3MB
 f84609347f5a Downloading 74.45MB
 bb74cba8e387 Downloading 102.8MB
 735466958c33 Downloading 136.3MB
 f84609347f5a Downloading 74.45MB
 bb74cba8e387 Downloading 102.8MB
 735466958c33 Downloading 137.4MB
 f84609347f5a Downloading 74.45MB
 bb74cba8e387 Downloading 103.8MB
 735466958c33 Downloading 138.4MB
 f84609347f5a Downloading 75.5MB
 bb74cba8e387 Downloading 104.9MB
 735466958c33 Downloading 138.4MB
 f84609347f5a Downloading 75.5MB
 bb74cba8e387 Downloading 104.9MB
 735466958c33 Downloading 138.4MB
 f84609347f5a Downloading 75.5MB
 bb74cba8e387 Downloading 104.9MB
 735466958c33 Downloading 139.5MB
 f84609347f5a Downloading 75.5MB
 bb74cba8e387 Downloading 105.9MB
 735466958c33 Downloading 139.5MB
 f84609347f5a Downloading 75.5MB
 bb74cba8e387 Downloading 106.6MB
 735466958c33 Downloading 140.5MB
 f84609347f5a Downloading 75.5MB
 bb74cba8e387 Downloading 107.4MB
 f84609347f5a Downloading 75.5MB
 735466958c33 Downloading 140.5MB
 bb74cba8e387 Downloading 107.4MB
 735466958c33 Downloading 141.6MB
 f84609347f5a Downloading 76.55MB
 bb74cba8e387 Download complete 0B
 bb74cba8e387 Extracting 1B
 735466958c33 Downloading 141.6MB
 f84609347f5a Downloading 76.55MB
 bb74cba8e387 Extracting 1B
 735466958c33 Downloading 142.6MB
 f84609347f5a Downloading 76.55MB
 bb74cba8e387 Extracting 1B
 735466958c33 Downloading 142.6MB
 f84609347f5a Downloading 76.55MB
 bb74cba8e387 Extracting 1B
 735466958c33 Downloading 143.7MB
 f84609347f5a Downloading 76.55MB
 bb74cba8e387 Extracting 1B
 735466958c33 Downloading 144.7MB
 f84609347f5a Downloading 76.55MB
 bb74cba8e387 Extracting 1B
 735466958c33 Downloading 145.8MB
 f84609347f5a Downloading 77.59MB
 bb74cba8e387 Extracting 1B
 735466958c33 Downloading 145.8MB
 f84609347f5a Downloading 77.59MB
 bb74cba8e387 Extracting 1B
 735466958c33 Downloading 145.8MB
 f84609347f5a Downloading 77.59MB
 f84609347f5a Downloading 77.59MB
 735466958c33 Downloading 145.8MB
 bb74cba8e387 Extracting 1B
 bb74cba8e387 Extracting 1B
 735466958c33 Downloading 146.8MB
 f84609347f5a Downloading 78.64MB
 bb74cba8e387 Extracting 2B
 f84609347f5a Downloading 78.64MB
 735466958c33 Downloading 146.8MB
 735466958c33 Downloading 146.8MB
 f84609347f5a Downloading 78.64MB
 bb74cba8e387 Extracting 2B
 735466958c33 Downloading 147.8MB
 f84609347f5a Downloading 78.64MB
 bb74cba8e387 Extracting 2B
 bb74cba8e387 Extracting 2B
 735466958c33 Downloading 148.9MB
 f84609347f5a Downloading 79.69MB
 735466958c33 Downloading 148.9MB
 f84609347f5a Downloading 79.69MB
 bb74cba8e387 Extracting 2B
 bb74cba8e387 Extracting 2B
 735466958c33 Downloading 149.9MB
 f84609347f5a Downloading 79.69MB
 bb74cba8e387 Extracting 2B
 735466958c33 Downloading 149.9MB
 f84609347f5a Downloading 79.69MB
 bb74cba8e387 Extracting 2B
 735466958c33 Downloading 151MB
 f84609347f5a Downloading 80.74MB
 f84609347f5a Downloading 80.74MB
 735466958c33 Downloading 152MB
 bb74cba8e387 Extracting 2B
 735466958c33 Downloading 152MB
 f84609347f5a Downloading 80.74MB
 bb74cba8e387 Extracting 2B
 bb74cba8e387 Extracting 3B
 f84609347f5a Downloading 81.79MB
 735466958c33 Downloading 153.1MB
 bb74cba8e387 Extracting 3B
 f84609347f5a Downloading 81.79MB
 735466958c33 Downloading 153.1MB
 f84609347f5a Downloading 81.79MB
 735466958c33 Downloading 154.1MB
 bb74cba8e387 Extracting 3B
 f84609347f5a Downloading 82.84MB
 735466958c33 Downloading 155.2MB
 bb74cba8e387 Extracting 3B
 bb74cba8e387 Extracting 3B
 735466958c33 Downloading 156.2MB
 f84609347f5a Downloading 82.84MB
 1de5cb393304 Pull complete 0B
 e77a22e259ea Pull complete 0B
 fa7624935209 Pull complete 0B
 9dd2f137d98b Pull complete 0B
 81c1bd4a8bc2 Pull complete 0B
 bb74cba8e387 Pull complete 0B
 735466958c33 Downloading 156.2MB
 f84609347f5a Downloading 82.84MB
 Image postgres:13 Pulled 
 f84609347f5a Downloading 83.89MB
 735466958c33 Downloading 157.3MB
 735466958c33 Downloading 157.3MB
 f84609347f5a Downloading 83.89MB
 735466958c33 Downloading 158.3MB
 f84609347f5a Downloading 83.89MB
 f84609347f5a Downloading 84.93MB
 735466958c33 Downloading 159.4MB
 735466958c33 Downloading 160.4MB
 f84609347f5a Downloading 84.93MB
 735466958c33 Downloading 160.4MB
 f84609347f5a Downloading 84.93MB
 735466958c33 Downloading 160.4MB
 f84609347f5a Downloading 84.93MB
 735466958c33 Downloading 161.5MB
 f84609347f5a Downloading 85.98MB
 735466958c33 Downloading 162.5MB
 f84609347f5a Downloading 85.98MB
 735466958c33 Downloading 162.5MB
 f84609347f5a Downloading 85.98MB
 735466958c33 Downloading 162.5MB
 f84609347f5a Downloading 85.98MB
 735466958c33 Downloading 162.5MB
 f84609347f5a Downloading 85.98MB
 735466958c33 Downloading 163.6MB
 f84609347f5a Downloading 87.03MB
 f84609347f5a Downloading 87.03MB
 735466958c33 Downloading 163.6MB
 735466958c33 Downloading 164.6MB
 f84609347f5a Downloading 87.03MB
 735466958c33 Downloading 165.7MB
 f84609347f5a Downloading 88.08MB
 735466958c33 Downloading 165.7MB
 f84609347f5a Downloading 88.08MB
 735466958c33 Downloading 165.7MB
 f84609347f5a Downloading 88.08MB
 735466958c33 Downloading 167.8MB
 f84609347f5a Downloading 89.13MB
 735466958c33 Downloading 168.8MB
 f84609347f5a Downloading 89.13MB
 735466958c33 Downloading 168.8MB
 f84609347f5a Downloading 89.13MB
 735466958c33 Downloading 168.8MB
 f84609347f5a Downloading 89.13MB
 735466958c33 Downloading 169.9MB
 f84609347f5a Downloading 90.18MB
 f84609347f5a Downloading 90.18MB
 735466958c33 Downloading 169.9MB
 735466958c33 Downloading 170.9MB
 f84609347f5a Downloading 91.23MB
 735466958c33 Downloading 172MB
 f84609347f5a Downloading 91.23MB
 735466958c33 Downloading 173MB
 f84609347f5a Downloading 91.23MB
 735466958c33 Downloading 173MB
 f84609347f5a Downloading 91.23MB
 735466958c33 Downloading 174.1MB
 f84609347f5a Downloading 92.27MB
 735466958c33 Downloading 174.1MB
 f84609347f5a Downloading 92.27MB
 735466958c33 Downloading 175.1MB
 f84609347f5a Downloading 92.27MB
 f84609347f5a Downloading 93.32MB
 735466958c33 Downloading 176.2MB
 735466958c33 Downloading 176.2MB
 f84609347f5a Downloading 93.32MB
 f84609347f5a Downloading 93.32MB
 735466958c33 Downloading 177.2MB
 735466958c33 Downloading 178.3MB
 f84609347f5a Downloading 94.37MB
 735466958c33 Downloading 179.3MB
 f84609347f5a Downloading 94.37MB
 735466958c33 Downloading 179.3MB
 f84609347f5a Downloading 94.88MB
 f84609347f5a Downloading 95.42MB
 735466958c33 Downloading 180.4MB
 735466958c33 Downloading 180.4MB
 f84609347f5a Downloading 95.42MB
 735466958c33 Downloading 181.4MB
 f84609347f5a Downloading 95.42MB
 735466958c33 Downloading 182.5MB
 f84609347f5a Downloading 96.47MB
 735466958c33 Downloading 182.5MB
 f84609347f5a Downloading 96.47MB
 735466958c33 Downloading 182.5MB
 f84609347f5a Downloading 96.47MB
 735466958c33 Downloading 182.5MB
 f84609347f5a Downloading 96.47MB
 735466958c33 Downloading 184.5MB
 f84609347f5a Downloading 97.52MB
 735466958c33 Downloading 185.6MB
 f84609347f5a Downloading 97.52MB
 735466958c33 Downloading 185.6MB
 f84609347f5a Downloading 98.57MB
 735466958c33 Downloading 186.6MB
 f84609347f5a Downloading 98.57MB
 735466958c33 Downloading 186.6MB
 f84609347f5a Downloading 98.57MB
 735466958c33 Downloading 187.7MB
 f84609347f5a Downloading 98.57MB
 735466958c33 Downloading 188.7MB
 f84609347f5a Downloading 99.61MB
 735466958c33 Downloading 189.8MB
 f84609347f5a Downloading 99.61MB
 735466958c33 Downloading 189.8MB
 f84609347f5a Downloading 100.7MB
 735466958c33 Downloading 189.8MB
 f84609347f5a Downloading 100.7MB
 735466958c33 Downloading 190.8MB
 f84609347f5a Downloading 100.7MB
 735466958c33 Downloading 191.9MB
 f84609347f5a Downloading 101.7MB
 735466958c33 Downloading 192.9MB
 f84609347f5a Downloading 101.7MB
 735466958c33 Downloading 192.9MB
 f84609347f5a Downloading 101.7MB
 f84609347f5a Downloading 101.7MB
 735466958c33 Downloading 192.9MB
 735466958c33 Downloading 195MB
 f84609347f5a Downloading 102.8MB
 f84609347f5a Downloading 102.8MB
 735466958c33 Downloading 196.1MB
 735466958c33 Downloading 196.1MB
 f84609347f5a Downloading 103.8MB
 735466958c33 Downloading 197.1MB
 f84609347f5a Downloading 103.8MB
 735466958c33 Downloading 197.1MB
 f84609347f5a Downloading 103.8MB
 735466958c33 Downloading 197.1MB
 f84609347f5a Downloading 103.8MB
 735466958c33 Downloading 199.2MB
 f84609347f5a Downloading 104.9MB
 735466958c33 Downloading 200.3MB
 f84609347f5a Downloading 105.9MB
 735466958c33 Downloading 201.3MB
 f84609347f5a Downloading 106.2MB
 735466958c33 Downloading 201.3MB
 f84609347f5a Download complete 0B
 f84609347f5a Extracting 1B
 735466958c33 Downloading 202.4MB
 f84609347f5a Extracting 1B
 735466958c33 Downloading 203.4MB
 f84609347f5a Extracting 1B
 735466958c33 Downloading 204.5MB
 f84609347f5a Extracting 1B
 735466958c33 Downloading 205.7MB
 f84609347f5a Extracting 1B
 735466958c33 Downloading 206.6MB
 f84609347f5a Extracting 1B
 735466958c33 Downloading 206.6MB
 f84609347f5a Extracting 1B
 735466958c33 Downloading 208.7MB
 f84609347f5a Extracting 1B
 735466958c33 Downloading 209.7MB
 f84609347f5a Extracting 1B
 735466958c33 Downloading 210.8MB
 f84609347f5a Extracting 1B
 735466958c33 Downloading 211.8MB
 f84609347f5a Extracting 2B
 735466958c33 Downloading 211.8MB
 f84609347f5a Extracting 2B
 735466958c33 Downloading 212.9MB
 f84609347f5a Extracting 2B
 735466958c33 Downloading 215MB
 f84609347f5a Extracting 2B
 735466958c33 Downloading 216MB
 f84609347f5a Extracting 2B
 735466958c33 Downloading 217.1MB
 f84609347f5a Extracting 2B
 735466958c33 Downloading 217.1MB
 f84609347f5a Extracting 2B
 735466958c33 Downloading 217.1MB
 f84609347f5a Extracting 2B
 735466958c33 Downloading 217.1MB
 f84609347f5a Extracting 2B
 735466958c33 Downloading 218.1MB
 f84609347f5a Extracting 2B
 735466958c33 Downloading 219.2MB
 f84609347f5a Extracting 3B
 735466958c33 Downloading 220.2MB
 f84609347f5a Extracting 3B
 735466958c33 Downloading 220.2MB
 f84609347f5a Extracting 3B
 735466958c33 Downloading 221.2MB
 f84609347f5a Extracting 3B
 735466958c33 Downloading 222.3MB
 f84609347f5a Extracting 3B
 735466958c33 Downloading 224.4MB
 f84609347f5a Extracting 3B
 735466958c33 Downloading 224.4MB
 f84609347f5a Extracting 3B
 735466958c33 Downloading 225.4MB
 5646967d67fc Pull complete 0B
 665dda7d2647 Pull complete 0B
 913610d1e990 Extracting 1B
 f84609347f5a Pull complete 0B
 735466958c33 Downloading 227.5MB
 913610d1e990 Extracting 1B
 735466958c33 Downloading 227.5MB
 913610d1e990 Extracting 1B
 735466958c33 Downloading 228.6MB
 913610d1e990 Extracting 1B
 735466958c33 Downloading 228.6MB
 913610d1e990 Extracting 1B
 735466958c33 Downloading 228.6MB
 913610d1e990 Extracting 1B
 735466958c33 Downloading 229.6MB
 913610d1e990 Extracting 1B
 735466958c33 Downloading 230.7MB
 913610d1e990 Extracting 1B
 735466958c33 Downloading 231.7MB
 913610d1e990 Extracting 1B
 735466958c33 Downloading 232.8MB
 913610d1e990 Pull complete 0B
 735466958c33 Downloading 233.8MB
 735466958c33 Downloading 234.9MB
 735466958c33 Downloading 235.9MB
 735466958c33 Downloading 237MB
 735466958c33 Downloading 238MB
 735466958c33 Downloading 239.1MB
 735466958c33 Downloading 239.1MB
 735466958c33 Downloading 240.1MB
 735466958c33 Downloading 241.2MB
 735466958c33 Downloading 243.3MB
 735466958c33 Downloading 243.3MB
 735466958c33 Downloading 243.3MB
 735466958c33 Downloading 245.4MB
 735466958c33 Downloading 246.4MB
 735466958c33 Downloading 247.5MB
 735466958c33 Downloading 248.5MB
 735466958c33 Downloading 248.5MB
 735466958c33 Downloading 250.2MB
 735466958c33 Downloading 251.7MB
 735466958c33 Downloading 251.7MB
 735466958c33 Downloading 252.7MB
 735466958c33 Downloading 253.8MB
 735466958c33 Downloading 254.8MB
 735466958c33 Downloading 254.8MB
 735466958c33 Downloading 256.9MB
 735466958c33 Downloading 257.9MB
 735466958c33 Downloading 259MB
 735466958c33 Downloading 259MB
 735466958c33 Downloading 260MB
 735466958c33 Downloading 261.1MB
 735466958c33 Downloading 262.1MB
 735466958c33 Downloading 263.2MB
 735466958c33 Downloading 263.2MB
 735466958c33 Downloading 265.3MB
 735466958c33 Downloading 266.3MB
 735466958c33 Downloading 267.4MB
 735466958c33 Downloading 268.4MB
 735466958c33 Downloading 268.4MB
 735466958c33 Downloading 270.5MB
 735466958c33 Downloading 271.6MB
 735466958c33 Downloading 272.6MB
 735466958c33 Downloading 273.7MB
 735466958c33 Downloading 274.7MB
 735466958c33 Downloading 275.8MB
 735466958c33 Downloading 276.8MB
 735466958c33 Downloading 277.9MB
 735466958c33 Downloading 280MB
 735466958c33 Downloading 280MB
 735466958c33 Downloading 280MB
 735466958c33 Downloading 282.1MB
 735466958c33 Downloading 283.1MB
 735466958c33 Downloading 284.2MB
 735466958c33 Downloading 285.2MB
 735466958c33 Downloading 285.2MB
 735466958c33 Downloading 287.3MB
 735466958c33 Downloading 288.4MB
 735466958c33 Downloading 289.4MB
 735466958c33 Downloading 290.5MB
 735466958c33 Downloading 290.5MB
 735466958c33 Downloading 291MB
 735466958c33 Downloading 293.6MB
 735466958c33 Downloading 294.6MB
 735466958c33 Downloading 295.7MB
 735466958c33 Downloading 296.7MB
 735466958c33 Downloading 297.8MB
 735466958c33 Downloading 298.8MB
 735466958c33 Downloading 300.9MB
 735466958c33 Downloading 300.9MB
 735466958c33 Downloading 302MB
 735466958c33 Downloading 302MB
 735466958c33 Downloading 304.1MB
 735466958c33 Downloading 305.1MB
 735466958c33 Downloading 306.2MB
 735466958c33 Downloading 307.2MB
 735466958c33 Downloading 307.2MB
 735466958c33 Downloading 309.3MB
 735466958c33 Downloading 310.4MB
 735466958c33 Downloading 310.4MB
 735466958c33 Downloading 312.5MB
 735466958c33 Downloading 313.5MB
 735466958c33 Downloading 314.6MB
 735466958c33 Downloading 316.7MB
 735466958c33 Downloading 317.7MB
 735466958c33 Downloading 317.7MB
 735466958c33 Downloading 317.7MB
 735466958c33 Downloading 317.7MB
 735466958c33 Downloading 318.8MB
 735466958c33 Downloading 318.8MB
 735466958c33 Downloading 319.8MB
 735466958c33 Downloading 320.9MB
 735466958c33 Downloading 321.9MB
 735466958c33 Downloading 323MB
 735466958c33 Downloading 324MB
 735466958c33 Downloading 325.1MB
 735466958c33 Downloading 325.1MB
 735466958c33 Downloading 326.1MB
 735466958c33 Downloading 327.2MB
 735466958c33 Downloading 328.2MB
 735466958c33 Downloading 329.3MB
 735466958c33 Downloading 330.3MB
 735466958c33 Downloading 330.3MB
 735466958c33 Downloading 331.4MB
 735466958c33 Downloading 332.4MB
 735466958c33 Downloading 334.5MB
 735466958c33 Downloading 335.5MB
 735466958c33 Downloading 335.5MB
 735466958c33 Downloading 336.6MB
 735466958c33 Downloading 337.6MB
 735466958c33 Downloading 338.7MB
 735466958c33 Downloading 339.7MB
 735466958c33 Downloading 340.8MB
 735466958c33 Downloading 340.8MB
 735466958c33 Downloading 342.9MB
 735466958c33 Downloading 342.9MB
 735466958c33 Downloading 342.9MB
 735466958c33 Downloading 343.9MB
 735466958c33 Downloading 345MB
 735466958c33 Downloading 346MB
 735466958c33 Downloading 347.1MB
 735466958c33 Downloading 348.1MB
 735466958c33 Downloading 348.1MB
 735466958c33 Downloading 350.2MB
 735466958c33 Downloading 351.3MB
 735466958c33 Downloading 352.3MB
 735466958c33 Downloading 353.4MB
 735466958c33 Downloading 354.4MB
 735466958c33 Downloading 354.4MB
 735466958c33 Downloading 356.5MB
 735466958c33 Downloading 357.6MB
 735466958c33 Downloading 358.6MB
 735466958c33 Downloading 358.6MB
 735466958c33 Downloading 358.6MB
 735466958c33 Downloading 361.8MB
 735466958c33 Downloading 362.8MB
 735466958c33 Downloading 363.9MB
 735466958c33 Downloading 364.9MB
 735466958c33 Downloading 364.9MB
 735466958c33 Downloading 367MB
 735466958c33 Downloading 368.1MB
 735466958c33 Downloading 369.1MB
 735466958c33 Downloading 370.1MB
 735466958c33 Downloading 370.1MB
 735466958c33 Downloading 372.2MB
 735466958c33 Downloading 373.3MB
 735466958c33 Downloading 374.3MB
 735466958c33 Downloading 375.4MB
 735466958c33 Downloading 375.4MB
 735466958c33 Downloading 375.4MB
 735466958c33 Downloading 378.5MB
 735466958c33 Downloading 379.6MB
 735466958c33 Downloading 380.6MB
 735466958c33 Downloading 381.7MB
 735466958c33 Downloading 381.7MB
 735466958c33 Downloading 382.7MB
 735466958c33 Downloading 384.8MB
 735466958c33 Downloading 385.9MB
 735466958c33 Downloading 386.9MB
 735466958c33 Downloading 386.9MB
 735466958c33 Downloading 389MB
 735466958c33 Downloading 390.1MB
 735466958c33 Downloading 390.1MB
 735466958c33 Downloading 392.2MB
 735466958c33 Downloading 392.2MB
 735466958c33 Downloading 393.2MB
 735466958c33 Downloading 395.3MB
 735466958c33 Downloading 396.4MB
 735466958c33 Downloading 396.4MB
 735466958c33 Downloading 396.4MB
 735466958c33 Downloading 398.5MB
 735466958c33 Downloading 400.6MB
 735466958c33 Downloading 401.6MB
 735466958c33 Downloading 402.7MB
 735466958c33 Downloading 403.7MB
 735466958c33 Downloading 403.7MB
 735466958c33 Downloading 405.8MB
 735466958c33 Downloading 406.8MB
 735466958c33 Downloading 406.8MB
 735466958c33 Downloading 407.9MB
 735466958c33 Downloading 407.9MB
 735466958c33 Downloading 410MB
 735466958c33 Downloading 411MB
 735466958c33 Downloading 412.1MB
 735466958c33 Downloading 412.1MB
 735466958c33 Downloading 412.1MB
 735466958c33 Downloading 413.1MB
 735466958c33 Downloading 413.1MB
 735466958c33 Downloading 413.1MB
 735466958c33 Downloading 414.2MB
 735466958c33 Downloading 414.2MB
 735466958c33 Downloading 416.3MB
 735466958c33 Downloading 417.3MB
 735466958c33 Downloading 418.4MB
 735466958c33 Downloading 419.4MB
 735466958c33 Downloading 419.4MB
 735466958c33 Downloading 420.5MB
 735466958c33 Downloading 421.5MB
 735466958c33 Downloading 423.6MB
 735466958c33 Downloading 423.6MB
 735466958c33 Downloading 424.7MB
 735466958c33 Downloading 424.7MB
 735466958c33 Downloading 426.8MB
 735466958c33 Downloading 427.8MB
 735466958c33 Downloading 429.9MB
 735466958c33 Downloading 429.9MB
 735466958c33 Downloading 429.9MB
 735466958c33 Downloading 429.9MB
 735466958c33 Downloading 432MB
 735466958c33 Downloading 434.1MB
 735466958c33 Downloading 435.2MB
 735466958c33 Downloading 435.2MB
 735466958c33 Downloading 436.2MB
 735466958c33 Downloading 437.1MB
 735466958c33 Downloading 437.1MB
 735466958c33 Downloading 437.1MB
 735466958c33 Downloading 437.1MB
 735466958c33 Download complete 0B
 735466958c33 Extracting 1B
 735466958c33 Extracting 1B
 735466958c33 Extracting 1B
 735466958c33 Extracting 1B
 735466958c33 Extracting 1B
 735466958c33 Extracting 1B
 735466958c33 Extracting 1B
 735466958c33 Extracting 1B
 735466958c33 Extracting 1B
 735466958c33 Extracting 1B
 735466958c33 Extracting 1B
 735466958c33 Extracting 2B
 735466958c33 Extracting 2B
 735466958c33 Extracting 2B
 735466958c33 Extracting 2B
 735466958c33 Extracting 2B
 735466958c33 Extracting 2B
 735466958c33 Extracting 2B
 735466958c33 Extracting 2B
 735466958c33 Extracting 2B
 735466958c33 Extracting 3B
 735466958c33 Extracting 3B
 735466958c33 Extracting 3B
 735466958c33 Extracting 3B
 735466958c33 Extracting 3B
 735466958c33 Extracting 3B
 735466958c33 Extracting 3B
 735466958c33 Extracting 3B
 735466958c33 Extracting 3B
 735466958c33 Extracting 3B
 735466958c33 Extracting 3B
 735466958c33 Extracting 4B
 735466958c33 Extracting 4B
 735466958c33 Extracting 4B
 735466958c33 Extracting 4B
 735466958c33 Extracting 4B
 735466958c33 Extracting 4B
 735466958c33 Extracting 4B
 735466958c33 Extracting 4B
 735466958c33 Extracting 4B
 735466958c33 Extracting 5B
 735466958c33 Extracting 5B
 735466958c33 Extracting 5B
 735466958c33 Extracting 5B
 735466958c33 Extracting 5B
 735466958c33 Extracting 5B
 735466958c33 Extracting 5B
 735466958c33 Extracting 5B
 735466958c33 Extracting 6B
 735466958c33 Extracting 6B
 735466958c33 Extracting 6B
 735466958c33 Extracting 6B
 735466958c33 Extracting 6B
 735466958c33 Extracting 6B
 735466958c33 Extracting 6B
 735466958c33 Extracting 6B
 735466958c33 Extracting 7B
 735466958c33 Extracting 7B
 735466958c33 Extracting 7B
 735466958c33 Extracting 7B
 735466958c33 Extracting 7B
 735466958c33 Extracting 7B
 735466958c33 Extracting 7B
 735466958c33 Extracting 7B
 735466958c33 Extracting 7B
 735466958c33 Extracting 7B
 735466958c33 Extracting 7B
 735466958c33 Extracting 8B
 735466958c33 Extracting 8B
 735466958c33 Extracting 8B
 735466958c33 Extracting 8B
 735466958c33 Extracting 8B
 735466958c33 Extracting 8B
 735466958c33 Extracting 8B
 735466958c33 Extracting 8B
 735466958c33 Extracting 8B
 735466958c33 Extracting 8B
 735466958c33 Extracting 9B
 735466958c33 Extracting 9B
 735466958c33 Extracting 9B
 735466958c33 Extracting 9B
 735466958c33 Extracting 9B
 735466958c33 Extracting 9B
 735466958c33 Extracting 9B
 735466958c33 Extracting 9B
 735466958c33 Extracting 9B
 735466958c33 Extracting 9B
 735466958c33 Extracting 9B
 735466958c33 Extracting 10B
 735466958c33 Extracting 10B
 735466958c33 Extracting 10B
 735466958c33 Extracting 10B
 735466958c33 Extracting 10B
 735466958c33 Extracting 10B
 735466958c33 Extracting 10B
 735466958c33 Extracting 10B
 735466958c33 Extracting 10B
 735466958c33 Extracting 10B
 735466958c33 Extracting 11B
 735466958c33 Extracting 11B
 735466958c33 Extracting 11B
 735466958c33 Extracting 11B
 735466958c33 Extracting 11B
 735466958c33 Extracting 11B
 735466958c33 Extracting 11B
 735466958c33 Extracting 11B
 735466958c33 Extracting 11B
 735466958c33 Extracting 12B
 735466958c33 Extracting 12B
 735466958c33 Extracting 12B
 735466958c33 Extracting 12B
 735466958c33 Extracting 12B
 735466958c33 Extracting 12B
 735466958c33 Extracting 12B
 735466958c33 Extracting 12B
 735466958c33 Extracting 12B
 735466958c33 Extracting 12B
 735466958c33 Extracting 13B
 735466958c33 Extracting 13B
 735466958c33 Extracting 13B
 735466958c33 Extracting 13B
 735466958c33 Extracting 13B
 735466958c33 Extracting 13B
 735466958c33 Extracting 13B
 735466958c33 Extracting 13B
 735466958c33 Extracting 13B
 735466958c33 Extracting 13B
 735466958c33 Extracting 14B
 735466958c33 Extracting 14B
 735466958c33 Extracting 14B
 735466958c33 Extracting 14B
 735466958c33 Extracting 14B
 735466958c33 Extracting 14B
 735466958c33 Extracting 14B
 735466958c33 Extracting 14B
 735466958c33 Extracting 14B
 735466958c33 Extracting 14B
 735466958c33 Extracting 15B
 735466958c33 Extracting 15B
 735466958c33 Extracting 15B
 735466958c33 Extracting 15B
 735466958c33 Extracting 15B
 735466958c33 Extracting 15B
 735466958c33 Extracting 15B
 735466958c33 Extracting 15B
 735466958c33 Extracting 15B
 735466958c33 Extracting 15B
 735466958c33 Extracting 16B
 735466958c33 Extracting 16B
 735466958c33 Extracting 16B
 735466958c33 Extracting 16B
 735466958c33 Extracting 16B
 735466958c33 Extracting 16B
 735466958c33 Extracting 16B
 735466958c33 Extracting 16B
 735466958c33 Extracting 16B
 735466958c33 Extracting 16B
 735466958c33 Extracting 16B
 735466958c33 Extracting 17B
 735466958c33 Extracting 17B
 735466958c33 Extracting 17B
 735466958c33 Extracting 17B
 735466958c33 Extracting 17B
 735466958c33 Extracting 17B
 735466958c33 Extracting 17B
 735466958c33 Extracting 17B
 735466958c33 Extracting 17B
 735466958c33 Extracting 18B
 735466958c33 Extracting 18B
 735466958c33 Extracting 18B
 735466958c33 Extracting 18B
 735466958c33 Extracting 18B
 735466958c33 Extracting 18B
 735466958c33 Extracting 18B
 735466958c33 Extracting 18B
 735466958c33 Extracting 18B
 735466958c33 Extracting 18B
 735466958c33 Extracting 19B
 735466958c33 Extracting 19B
 735466958c33 Extracting 19B
 735466958c33 Extracting 19B
 735466958c33 Extracting 19B
 735466958c33 Extracting 19B
 735466958c33 Extracting 19B
 735466958c33 Extracting 19B
 735466958c33 Extracting 19B
 735466958c33 Extracting 19B
 735466958c33 Extracting 20B
 735466958c33 Extracting 20B
 735466958c33 Extracting 20B
 735466958c33 Extracting 20B
 735466958c33 Extracting 20B
 735466958c33 Extracting 20B
 735466958c33 Extracting 20B
 735466958c33 Extracting 20B
 735466958c33 Extracting 20B
 735466958c33 Extracting 20B
 735466958c33 Extracting 21B
 735466958c33 Extracting 21B
 735466958c33 Extracting 21B
 735466958c33 Extracting 21B
 735466958c33 Extracting 21B
 735466958c33 Extracting 21B
 735466958c33 Extracting 21B
 735466958c33 Extracting 21B
 735466958c33 Extracting 21B
 735466958c33 Extracting 21B
 735466958c33 Extracting 21B
 735466958c33 Extracting 22B
 735466958c33 Extracting 22B
 735466958c33 Extracting 22B
 735466958c33 Extracting 22B
 735466958c33 Extracting 22B
 735466958c33 Extracting 22B
 735466958c33 Extracting 22B
 735466958c33 Extracting 22B
 735466958c33 Extracting 22B
 735466958c33 Extracting 22B
 735466958c33 Extracting 23B
 735466958c33 Extracting 23B
 735466958c33 Extracting 23B
 735466958c33 Extracting 23B
 735466958c33 Extracting 23B
 735466958c33 Extracting 23B
 735466958c33 Extracting 23B
 735466958c33 Extracting 23B
 735466958c33 Extracting 23B
 735466958c33 Extracting 23B
 735466958c33 Extracting 24B
 735466958c33 Extracting 24B
 735466958c33 Extracting 24B
 735466958c33 Extracting 24B
 735466958c33 Extracting 24B
 735466958c33 Extracting 24B
 735466958c33 Extracting 24B
 735466958c33 Extracting 24B
 735466958c33 Extracting 24B
 735466958c33 Extracting 24B
 735466958c33 Extracting 25B
 735466958c33 Extracting 25B
 735466958c33 Extracting 25B
 735466958c33 Extracting 25B
 735466958c33 Extracting 25B
 735466958c33 Extracting 25B
 735466958c33 Extracting 25B
 735466958c33 Extracting 25B
 735466958c33 Extracting 25B
 735466958c33 Extracting 25B
 735466958c33 Extracting 26B
 735466958c33 Extracting 26B
 735466958c33 Extracting 26B
 735466958c33 Extracting 26B
 735466958c33 Extracting 26B
 735466958c33 Extracting 26B
 735466958c33 Extracting 26B
 735466958c33 Extracting 26B
 735466958c33 Extracting 26B
 735466958c33 Extracting 27B
 735466958c33 Extracting 27B
 735466958c33 Extracting 27B
 735466958c33 Extracting 27B
 735466958c33 Extracting 27B
 735466958c33 Extracting 27B
 735466958c33 Extracting 27B
 735466958c33 Extracting 27B
 735466958c33 Extracting 27B
 735466958c33 Extracting 27B
 735466958c33 Extracting 28B
 735466958c33 Extracting 28B
 735466958c33 Extracting 28B
 735466958c33 Extracting 28B
 735466958c33 Extracting 28B
 735466958c33 Extracting 28B
 735466958c33 Extracting 28B
 735466958c33 Extracting 28B
 735466958c33 Extracting 28B
 735466958c33 Extracting 29B
 735466958c33 Extracting 29B
 735466958c33 Extracting 29B
 735466958c33 Extracting 29B
 735466958c33 Extracting 29B
 735466958c33 Extracting 29B
 735466958c33 Extracting 29B
 735466958c33 Extracting 29B
 735466958c33 Extracting 29B
 735466958c33 Extracting 29B
 735466958c33 Extracting 29B
 735466958c33 Extracting 29B
 735466958c33 Extracting 30B
 735466958c33 Extracting 30B
 735466958c33 Extracting 30B
 735466958c33 Extracting 30B
 735466958c33 Extracting 30B
 735466958c33 Extracting 30B
 735466958c33 Extracting 30B
 735466958c33 Extracting 30B
 735466958c33 Extracting 30B
 735466958c33 Extracting 30B
 735466958c33 Extracting 31B
 735466958c33 Extracting 31B
 735466958c33 Extracting 31B
 735466958c33 Extracting 31B
 735466958c33 Extracting 31B
 735466958c33 Extracting 31B
 735466958c33 Extracting 31B
 735466958c33 Extracting 31B
 735466958c33 Extracting 31B
 735466958c33 Extracting 32B
 735466958c33 Extracting 32B
 735466958c33 Extracting 32B
 735466958c33 Extracting 32B
 735466958c33 Extracting 32B
 735466958c33 Extracting 32B
 735466958c33 Extracting 32B
 735466958c33 Extracting 32B
 735466958c33 Extracting 32B
 735466958c33 Extracting 32B
 735466958c33 Extracting 33B
 735466958c33 Extracting 33B
 735466958c33 Extracting 33B
 735466958c33 Extracting 33B
 735466958c33 Extracting 33B
 735466958c33 Extracting 33B
 735466958c33 Extracting 33B
 735466958c33 Extracting 33B
 735466958c33 Extracting 33B
 735466958c33 Extracting 33B
 735466958c33 Extracting 34B
 735466958c33 Extracting 34B
 735466958c33 Extracting 34B
 735466958c33 Extracting 34B
 735466958c33 Extracting 34B
 735466958c33 Extracting 34B
 735466958c33 Extracting 34B
 735466958c33 Extracting 34B
 735466958c33 Extracting 34B
 735466958c33 Extracting 34B
 735466958c33 Extracting 34B
 735466958c33 Extracting 35B
 735466958c33 Extracting 35B
 735466958c33 Extracting 35B
 735466958c33 Extracting 35B
 735466958c33 Extracting 35B
 735466958c33 Extracting 35B
 735466958c33 Extracting 35B
 735466958c33 Extracting 35B
 735466958c33 Extracting 35B
 735466958c33 Extracting 35B
 735466958c33 Extracting 36B
 735466958c33 Extracting 36B
 735466958c33 Extracting 36B
 735466958c33 Extracting 36B
 735466958c33 Extracting 36B
 735466958c33 Extracting 36B
 735466958c33 Extracting 36B
 735466958c33 Extracting 36B
 735466958c33 Extracting 36B
 735466958c33 Extracting 36B
 735466958c33 Extracting 37B
 735466958c33 Extracting 37B
 735466958c33 Extracting 37B
 735466958c33 Extracting 37B
 735466958c33 Extracting 37B
 735466958c33 Extracting 37B
 735466958c33 Extracting 37B
 735466958c33 Extracting 37B
 735466958c33 Extracting 37B
 735466958c33 Extracting 37B
 735466958c33 Extracting 38B
 735466958c33 Extracting 38B
 735466958c33 Extracting 38B
 735466958c33 Extracting 38B
 735466958c33 Extracting 38B
 735466958c33 Extracting 38B
 735466958c33 Extracting 38B
 735466958c33 Extracting 38B
 735466958c33 Extracting 38B
 735466958c33 Extracting 38B
 735466958c33 Extracting 39B
 735466958c33 Extracting 39B
 735466958c33 Extracting 39B
 735466958c33 Extracting 39B
 735466958c33 Extracting 39B
 735466958c33 Extracting 39B
 735466958c33 Extracting 39B
 735466958c33 Extracting 39B
 735466958c33 Extracting 39B
 735466958c33 Extracting 39B
 735466958c33 Extracting 40B
 735466958c33 Extracting 40B
 735466958c33 Extracting 40B
 735466958c33 Extracting 40B
 735466958c33 Extracting 40B
 735466958c33 Extracting 40B
 735466958c33 Extracting 40B
 735466958c33 Extracting 40B
 735466958c33 Extracting 40B
 735466958c33 Extracting 41B
 735466958c33 Extracting 41B
 735466958c33 Extracting 41B
 735466958c33 Extracting 41B
 735466958c33 Extracting 41B
 735466958c33 Extracting 41B
 735466958c33 Extracting 41B
 735466958c33 Extracting 41B
 735466958c33 Extracting 41B
 735466958c33 Extracting 41B
 735466958c33 Extracting 41B
 735466958c33 Extracting 42B
 735466958c33 Extracting 42B
 735466958c33 Extracting 42B
 735466958c33 Extracting 42B
 735466958c33 Extracting 42B
 735466958c33 Extracting 42B
 735466958c33 Extracting 42B
 735466958c33 Extracting 42B
 735466958c33 Extracting 42B
 735466958c33 Extracting 43B
 735466958c33 Extracting 43B
 735466958c33 Extracting 43B
 735466958c33 Extracting 43B
 735466958c33 Extracting 43B
 735466958c33 Extracting 43B
 735466958c33 Extracting 43B
 735466958c33 Extracting 43B
 735466958c33 Extracting 44B
 735466958c33 Extracting 44B
 735466958c33 Extracting 44B
 735466958c33 Extracting 44B
 735466958c33 Extracting 44B
 735466958c33 Extracting 44B
 735466958c33 Extracting 44B
 735466958c33 Extracting 44B
 735466958c33 Extracting 44B
 735466958c33 Extracting 44B
 735466958c33 Extracting 44B
 735466958c33 Extracting 45B
 735466958c33 Extracting 45B
 735466958c33 Extracting 45B
 735466958c33 Extracting 45B
 735466958c33 Extracting 45B
 735466958c33 Extracting 45B
 735466958c33 Extracting 45B
 735466958c33 Extracting 45B
 735466958c33 Extracting 45B
 735466958c33 Extracting 45B
 735466958c33 Extracting 46B
 735466958c33 Extracting 46B
 735466958c33 Extracting 46B
 735466958c33 Extracting 46B
 735466958c33 Extracting 46B
 735466958c33 Extracting 46B
 735466958c33 Extracting 46B
 735466958c33 Extracting 46B
 735466958c33 Extracting 46B
 735466958c33 Extracting 46B
 735466958c33 Extracting 47B
 735466958c33 Extracting 47B
 735466958c33 Extracting 47B
 735466958c33 Extracting 47B
 735466958c33 Extracting 47B
 735466958c33 Extracting 47B
 735466958c33 Extracting 47B
 735466958c33 Extracting 47B
 735466958c33 Extracting 47B
 735466958c33 Extracting 47B
 735466958c33 Extracting 47B
 735466958c33 Extracting 48B
 735466958c33 Extracting 48B
 735466958c33 Extracting 48B
 735466958c33 Extracting 48B
 735466958c33 Extracting 48B
 735466958c33 Extracting 48B
 735466958c33 Extracting 48B
 735466958c33 Extracting 48B
 735466958c33 Extracting 48B
 735466958c33 Extracting 49B
 735466958c33 Extracting 49B
 735466958c33 Extracting 49B
 735466958c33 Extracting 49B
 735466958c33 Extracting 49B
 735466958c33 Extracting 49B
 735466958c33 Extracting 49B
 735466958c33 Extracting 49B
 735466958c33 Extracting 49B
 735466958c33 Extracting 49B
 735466958c33 Extracting 50B
 792a64aee904 Extracting 1B
 735466958c33 Pull complete 0B
 792a64aee904 Pull complete 0B
 01690fa62f24 Pull complete 0B
 a9f5cb6144f4 Pull complete 0B
 9cfc9105abfc Pull complete 0B
 bc1553d269cf Pull complete 0B
 e72f246b3902 Pull complete 0B
 3d886dcefb66 Pull complete 0B
 0d462175be1e Pull complete 0B
 4f4fb700ef54 Pull complete 0B
 d7af9f4bb010 Pull complete 0B
 0c293f492917 Pull complete 0B
 Image apache/airflow:3.0.3 Pulled 
 Network airflow_default Creating 
 Network airflow_default Created 
 Volume airflow_postgres-db-volume Creating 
 Volume airflow_postgres-db-volume Created 
 Container airflow-postgres-1 Creating 
 Container airflow-redis-1 Creating 
 Container airflow-redis-1 Created 
 Container airflow-postgres-1 Created 
 Container airflow-airflow-init-1 Creating 
 Container airflow-airflow-init-1 Created 
Attaching to airflow-init-1
 Container airflow-redis-1 Starting 
 Container airflow-postgres-1 Starting 
 Container airflow-postgres-1 Started 
 Container airflow-redis-1 Started 
 Container airflow-postgres-1 Waiting 
 Container airflow-redis-1 Waiting 
 Container airflow-redis-1 Healthy 
 Container airflow-postgres-1 Healthy 
 Container airflow-airflow-init-1 Starting 
 Container airflow-airflow-init-1 Started 
airflow-init-1  | 
airflow-init-1  | [1;33mWARNING!!!: Not enough memory available for Docker.[0m
airflow-init-1  | At least 4GB of memory required. You have 3.9G
airflow-init-1  | 
airflow-init-1  | 
airflow-init-1  | [1;33mWARNING!!!: You have not enough resources to run Airflow (see above)![0m
airflow-init-1  | Please follow the instructions to increase amount of resources available:
airflow-init-1  |    https://airflow.apache.org/docs/apache-airflow/stable/howto/docker-compose/index.html#before-you-begin
airflow-init-1  | 
airflow-init-1  | 
airflow-init-1  | Creating missing opt dirs if missing:
airflow-init-1  | 
airflow-init-1  | 
airflow-init-1  | Airflow version:
airflow-init-1  | The container is run as root user. For security, consider using a regular user account.
airflow-init-1  | 
airflow-init-1  | DB: postgresql+psycopg2://airflow:***@postgres/airflow
airflow-init-1  | Performing upgrade to the metadata database postgresql+psycopg2://airflow:***@postgres/airflow
airflow-init-1  | [2026-06-11T21:46:58.633+0000] {migration.py:211} INFO - Context impl PostgresqlImpl.
airflow-init-1  | [2026-06-11T21:46:58.634+0000] {migration.py:214} INFO - Will assume transactional DDL.
airflow-init-1  | [2026-06-11T21:46:58.639+0000] {migration.py:211} INFO - Context impl PostgresqlImpl.
airflow-init-1  | [2026-06-11T21:46:58.639+0000] {migration.py:214} INFO - Will assume transactional DDL.
airflow-init-1  | [2026-06-11T21:46:58.640+0000] {db.py:730} INFO - Creating Airflow database tables from the ORM
airflow-init-1  | [2026-06-11T21:46:58.886+0000] {migration.py:211} INFO - Context impl PostgresqlImpl.
airflow-init-1  | [2026-06-11T21:46:58.886+0000] {migration.py:214} INFO - Will assume transactional DDL.
airflow-init-1  | [2026-06-11T21:46:58.948+0000] {migration.py:622} INFO - Running stamp_revision  -> fe199e1abd77
airflow-init-1  | [2026-06-11T21:46:58.952+0000] {db.py:741} INFO - Airflow database tables created
airflow-init-1  | [2026-06-11T21:46:58.954+0000] {migration.py:211} INFO - Context impl PostgresqlImpl.
airflow-init-1  | [2026-06-11T21:46:58.954+0000] {migration.py:214} INFO - Will assume transactional DDL.
airflow-init-1  | [2026-06-11T21:46:58.955+0000] {db_manager.py:92} INFO - Creating FABDBManager tables from the ORM
airflow-init-1  | [2026-06-11T21:46:59.010+0000] {migration.py:211} INFO - Context impl PostgresqlImpl.
airflow-init-1  | [2026-06-11T21:46:59.011+0000] {migration.py:214} INFO - Will assume transactional DDL.
airflow-init-1  | [2026-06-11T21:46:59.015+0000] {migration.py:622} INFO - Running stamp_revision  -> 6709f7a774b9
airflow-init-1  | [2026-06-11T21:46:59.017+0000] {db_manager.py:97} INFO - FABDBManager tables have been created from the ORM
airflow-init-1  | Database migrating done!
airflow-init-1  | /home/airflow/.local/lib/python3.12/site-packages/flask_limiter/extension.py:324 UserWarning: Using the in-memory storage for tracking rate limits as no storage was explicitly specified. This is not recommended for production use. See: https://flask-limiter.readthedocs.io#configuring-a-storage-backend for documentation about configuring the storage backend.
airflow-init-1  | [2026-06-11T21:47:02.763+0000] {override.py:1264} INFO - Inserted Role: Admin
airflow-init-1  | [2026-06-11T21:47:02.768+0000] {override.py:912} WARNING - No user yet created, use flask fab command to do it.
airflow-init-1  | [2026-06-11T21:47:02.778+0000] {override.py:1637} INFO - Created Permission View: can delete on DAGs
airflow-init-1  | [2026-06-11T21:47:02.782+0000] {override.py:1637} INFO - Created Permission View: can read on DAGs
airflow-init-1  | [2026-06-11T21:47:02.784+0000] {override.py:1637} INFO - Created Permission View: can edit on DAGs
airflow-init-1  | [2026-06-11T21:47:02.796+0000] {override.py:1264} INFO - Inserted Role: Public
airflow-init-1  | [2026-06-11T21:47:02.800+0000] {override.py:1264} INFO - Inserted Role: Viewer
airflow-init-1  | [2026-06-11T21:47:02.805+0000] {override.py:1688} INFO - Added Permission can read on DAGs to role Viewer
airflow-init-1  | [2026-06-11T21:47:02.808+0000] {override.py:1637} INFO - Created Permission View: can read on DAG Dependencies
airflow-init-1  | [2026-06-11T21:47:02.809+0000] {override.py:1688} INFO - Added Permission can read on DAG Dependencies to role Viewer
airflow-init-1  | [2026-06-11T21:47:02.812+0000] {override.py:1637} INFO - Created Permission View: can read on DAG Code
airflow-init-1  | [2026-06-11T21:47:02.813+0000] {override.py:1688} INFO - Added Permission can read on DAG Code to role Viewer
airflow-init-1  | [2026-06-11T21:47:02.815+0000] {override.py:1637} INFO - Created Permission View: can read on DAG Runs
airflow-init-1  | [2026-06-11T21:47:02.816+0000] {override.py:1688} INFO - Added Permission can read on DAG Runs to role Viewer
airflow-init-1  | [2026-06-11T21:47:02.819+0000] {override.py:1637} INFO - Created Permission View: can read on DAG Versions
airflow-init-1  | [2026-06-11T21:47:02.820+0000] {override.py:1688} INFO - Added Permission can read on DAG Versions to role Viewer
airflow-init-1  | [2026-06-11T21:47:02.822+0000] {override.py:1637} INFO - Created Permission View: can read on DAG Warnings
airflow-init-1  | [2026-06-11T21:47:02.823+0000] {override.py:1688} INFO - Added Permission can read on DAG Warnings to role Viewer
airflow-init-1  | [2026-06-11T21:47:02.825+0000] {override.py:1637} INFO - Created Permission View: can read on Assets
airflow-init-1  | [2026-06-11T21:47:02.826+0000] {override.py:1688} INFO - Added Permission can read on Assets to role Viewer
airflow-init-1  | [2026-06-11T21:47:02.828+0000] {override.py:1637} INFO - Created Permission View: can read on Asset Aliases
airflow-init-1  | [2026-06-11T21:47:02.829+0000] {override.py:1688} INFO - Added Permission can read on Asset Aliases to role Viewer
airflow-init-1  | [2026-06-11T21:47:02.831+0000] {override.py:1637} INFO - Created Permission View: can read on Backfills
airflow-init-1  | [2026-06-11T21:47:02.832+0000] {override.py:1688} INFO - Added Permission can read on Backfills to role Viewer
airflow-init-1  | [2026-06-11T21:47:02.834+0000] {override.py:1637} INFO - Created Permission View: can read on Cluster Activity
airflow-init-1  | [2026-06-11T21:47:02.835+0000] {override.py:1688} INFO - Added Permission can read on Cluster Activity to role Viewer
airflow-init-1  | [2026-06-11T21:47:02.837+0000] {override.py:1637} INFO - Created Permission View: can read on Configurations
airflow-init-1  | [2026-06-11T21:47:02.837+0000] {override.py:1688} INFO - Added Permission can read on Configurations to role Viewer
airflow-init-1  | [2026-06-11T21:47:02.839+0000] {override.py:1637} INFO - Created Permission View: can read on Pools
airflow-init-1  | [2026-06-11T21:47:02.840+0000] {override.py:1688} INFO - Added Permission can read on Pools to role Viewer
airflow-init-1  | [2026-06-11T21:47:02.842+0000] {override.py:1637} INFO - Created Permission View: can read on ImportError
airflow-init-1  | [2026-06-11T21:47:02.843+0000] {override.py:1688} INFO - Added Permission can read on ImportError to role Viewer
airflow-init-1  | [2026-06-11T21:47:02.845+0000] {override.py:1637} INFO - Created Permission View: can read on Jobs
airflow-init-1  | [2026-06-11T21:47:02.846+0000] {override.py:1688} INFO - Added Permission can read on Jobs to role Viewer
airflow-init-1  | [2026-06-11T21:47:02.848+0000] {override.py:1637} INFO - Created Permission View: can read on My Password
airflow-init-1  | [2026-06-11T21:47:02.849+0000] {override.py:1688} INFO - Added Permission can read on My Password to role Viewer
airflow-init-1  | [2026-06-11T21:47:02.852+0000] {override.py:1637} INFO - Created Permission View: can edit on My Password
airflow-init-1  | [2026-06-11T21:47:02.853+0000] {override.py:1688} INFO - Added Permission can edit on My Password to role Viewer
airflow-init-1  | [2026-06-11T21:47:02.855+0000] {override.py:1637} INFO - Created Permission View: can read on My Profile
airflow-init-1  | [2026-06-11T21:47:02.856+0000] {override.py:1688} INFO - Added Permission can read on My Profile to role Viewer
airflow-init-1  | [2026-06-11T21:47:02.858+0000] {override.py:1637} INFO - Created Permission View: can edit on My Profile
airflow-init-1  | [2026-06-11T21:47:02.859+0000] {override.py:1688} INFO - Added Permission can edit on My Profile to role Viewer
airflow-init-1  | [2026-06-11T21:47:02.860+0000] {override.py:1637} INFO - Created Permission View: can read on SLA Misses
airflow-init-1  | [2026-06-11T21:47:02.861+0000] {override.py:1688} INFO - Added Permission can read on SLA Misses to role Viewer
airflow-init-1  | [2026-06-11T21:47:02.863+0000] {override.py:1637} INFO - Created Permission View: can read on Task Instances
airflow-init-1  | [2026-06-11T21:47:02.864+0000] {override.py:1688} INFO - Added Permission can read on Task Instances to role Viewer
airflow-init-1  | [2026-06-11T21:47:02.869+0000] {override.py:1637} INFO - Created Permission View: can read on Task Logs
airflow-init-1  | [2026-06-11T21:47:02.870+0000] {override.py:1688} INFO - Added Permission can read on Task Logs to role Viewer
airflow-init-1  | [2026-06-11T21:47:02.872+0000] {override.py:1637} INFO - Created Permission View: can read on XComs
airflow-init-1  | [2026-06-11T21:47:02.873+0000] {override.py:1688} INFO - Added Permission can read on XComs to role Viewer
airflow-init-1  | [2026-06-11T21:47:02.875+0000] {override.py:1637} INFO - Created Permission View: can read on Website
airflow-init-1  | [2026-06-11T21:47:02.877+0000] {override.py:1688} INFO - Added Permission can read on Website to role Viewer
airflow-init-1  | [2026-06-11T21:47:02.879+0000] {override.py:1637} INFO - Created Permission View: menu access on Browse
airflow-init-1  | [2026-06-11T21:47:02.880+0000] {override.py:1688} INFO - Added Permission menu access on Browse to role Viewer
airflow-init-1  | [2026-06-11T21:47:02.882+0000] {override.py:1637} INFO - Created Permission View: menu access on DAGs
airflow-init-1  | [2026-06-11T21:47:02.883+0000] {override.py:1688} INFO - Added Permission menu access on DAGs to role Viewer
airflow-init-1  | [2026-06-11T21:47:02.884+0000] {override.py:1637} INFO - Created Permission View: menu access on DAG Dependencies
airflow-init-1  | [2026-06-11T21:47:02.885+0000] {override.py:1688} INFO - Added Permission menu access on DAG Dependencies to role Viewer
airflow-init-1  | [2026-06-11T21:47:02.888+0000] {override.py:1637} INFO - Created Permission View: menu access on DAG Runs
airflow-init-1  | [2026-06-11T21:47:02.889+0000] {override.py:1688} INFO - Added Permission menu access on DAG Runs to role Viewer
airflow-init-1  | [2026-06-11T21:47:02.891+0000] {override.py:1637} INFO - Created Permission View: menu access on Assets
airflow-init-1  | [2026-06-11T21:47:02.892+0000] {override.py:1688} INFO - Added Permission menu access on Assets to role Viewer
airflow-init-1  | [2026-06-11T21:47:02.894+0000] {override.py:1637} INFO - Created Permission View: menu access on Cluster Activity
airflow-init-1  | [2026-06-11T21:47:02.895+0000] {override.py:1688} INFO - Added Permission menu access on Cluster Activity to role Viewer
airflow-init-1  | [2026-06-11T21:47:02.897+0000] {override.py:1637} INFO - Created Permission View: menu access on Documentation
airflow-init-1  | [2026-06-11T21:47:02.898+0000] {override.py:1688} INFO - Added Permission menu access on Documentation to role Viewer
airflow-init-1  | [2026-06-11T21:47:02.900+0000] {override.py:1637} INFO - Created Permission View: menu access on Docs
airflow-init-1  | [2026-06-11T21:47:02.901+0000] {override.py:1688} INFO - Added Permission menu access on Docs to role Viewer
airflow-init-1  | [2026-06-11T21:47:02.902+0000] {override.py:1637} INFO - Created Permission View: menu access on Jobs
airflow-init-1  | [2026-06-11T21:47:02.903+0000] {override.py:1688} INFO - Added Permission menu access on Jobs to role Viewer
airflow-init-1  | [2026-06-11T21:47:02.905+0000] {override.py:1637} INFO - Created Permission View: menu access on SLA Misses
airflow-init-1  | [2026-06-11T21:47:02.907+0000] {override.py:1688} INFO - Added Permission menu access on SLA Misses to role Viewer
airflow-init-1  | [2026-06-11T21:47:02.910+0000] {override.py:1637} INFO - Created Permission View: menu access on Task Instances
airflow-init-1  | [2026-06-11T21:47:02.912+0000] {override.py:1688} INFO - Added Permission menu access on Task Instances to role Viewer
airflow-init-1  | [2026-06-11T21:47:02.917+0000] {override.py:1264} INFO - Inserted Role: User
airflow-init-1  | [2026-06-11T21:47:02.919+0000] {override.py:1688} INFO - Added Permission can read on DAGs to role User
airflow-init-1  | [2026-06-11T21:47:02.928+0000] {override.py:1688} INFO - Added Permission can read on DAG Dependencies to role User
airflow-init-1  | [2026-06-11T21:47:02.972+0000] {override.py:1688} INFO - Added Permission can read on DAG Code to role User
airflow-init-1  | [2026-06-11T21:47:03.022+0000] {override.py:1688} INFO - Added Permission can read on DAG Runs to role User
airflow-init-1  | [2026-06-11T21:47:03.131+0000] {override.py:1688} INFO - Added Permission can read on DAG Versions to role User
airflow-init-1  | [2026-06-11T21:47:03.140+0000] {override.py:1688} INFO - Added Permission can read on DAG Warnings to role User
airflow-init-1  | [2026-06-11T21:47:03.146+0000] {override.py:1688} INFO - Added Permission can read on Assets to role User
airflow-init-1  | [2026-06-11T21:47:03.149+0000] {override.py:1688} INFO - Added Permission can read on Asset Aliases to role User
airflow-init-1  | [2026-06-11T21:47:03.155+0000] {override.py:1688} INFO - Added Permission can read on Backfills to role User
airflow-init-1  | [2026-06-11T21:47:03.162+0000] {override.py:1688} INFO - Added Permission can read on Cluster Activity to role User
airflow-init-1  | [2026-06-11T21:47:03.188+0000] {override.py:1688} INFO - Added Permission can read on Configurations to role User
airflow-init-1  | [2026-06-11T21:47:03.191+0000] {override.py:1688} INFO - Added Permission can read on Pools to role User
airflow-init-1  | [2026-06-11T21:47:03.198+0000] {override.py:1688} INFO - Added Permission can read on ImportError to role User
airflow-init-1  | [2026-06-11T21:47:03.201+0000] {override.py:1688} INFO - Added Permission can read on Jobs to role User
airflow-init-1  | [2026-06-11T21:47:03.203+0000] {override.py:1688} INFO - Added Permission can read on My Password to role User
airflow-init-1  | [2026-06-11T21:47:03.206+0000] {override.py:1688} INFO - Added Permission can edit on My Password to role User
airflow-init-1  | [2026-06-11T21:47:03.209+0000] {override.py:1688} INFO - Added Permission can read on My Profile to role User
airflow-init-1  | [2026-06-11T21:47:03.212+0000] {override.py:1688} INFO - Added Permission can edit on My Profile to role User
airflow-init-1  | [2026-06-11T21:47:03.214+0000] {override.py:1688} INFO - Added Permission can read on SLA Misses to role User
airflow-init-1  | [2026-06-11T21:47:03.216+0000] {override.py:1688} INFO - Added Permission can read on Task Instances to role User
airflow-init-1  | [2026-06-11T21:47:03.218+0000] {override.py:1688} INFO - Added Permission can read on Task Logs to role User
airflow-init-1  | [2026-06-11T21:47:03.220+0000] {override.py:1688} INFO - Added Permission can read on XComs to role User
airflow-init-1  | [2026-06-11T21:47:03.223+0000] {override.py:1688} INFO - Added Permission can read on Website to role User
airflow-init-1  | [2026-06-11T21:47:03.226+0000] {override.py:1688} INFO - Added Permission menu access on Browse to role User
airflow-init-1  | [2026-06-11T21:47:03.228+0000] {override.py:1688} INFO - Added Permission menu access on DAGs to role User
airflow-init-1  | [2026-06-11T21:47:03.230+0000] {override.py:1688} INFO - Added Permission menu access on DAG Dependencies to role User
airflow-init-1  | [2026-06-11T21:47:03.231+0000] {override.py:1688} INFO - Added Permission menu access on DAG Runs to role User
airflow-init-1  | [2026-06-11T21:47:03.233+0000] {override.py:1688} INFO - Added Permission menu access on Assets to role User
airflow-init-1  | [2026-06-11T21:47:03.235+0000] {override.py:1688} INFO - Added Permission menu access on Cluster Activity to role User
airflow-init-1  | [2026-06-11T21:47:03.237+0000] {override.py:1688} INFO - Added Permission menu access on Documentation to role User
airflow-init-1  | [2026-06-11T21:47:03.238+0000] {override.py:1688} INFO - Added Permission menu access on Docs to role User
airflow-init-1  | [2026-06-11T21:47:03.240+0000] {override.py:1688} INFO - Added Permission menu access on Jobs to role User
airflow-init-1  | [2026-06-11T21:47:03.242+0000] {override.py:1688} INFO - Added Permission menu access on SLA Misses to role User
airflow-init-1  | [2026-06-11T21:47:03.244+0000] {override.py:1688} INFO - Added Permission menu access on Task Instances to role User
airflow-init-1  | [2026-06-11T21:47:03.246+0000] {override.py:1688} INFO - Added Permission can edit on DAGs to role User
airflow-init-1  | [2026-06-11T21:47:03.248+0000] {override.py:1688} INFO - Added Permission can delete on DAGs to role User
airflow-init-1  | [2026-06-11T21:47:03.250+0000] {override.py:1637} INFO - Created Permission View: can create on Task Instances
airflow-init-1  | [2026-06-11T21:47:03.251+0000] {override.py:1688} INFO - Added Permission can create on Task Instances to role User
airflow-init-1  | [2026-06-11T21:47:03.253+0000] {override.py:1637} INFO - Created Permission View: can edit on Task Instances
airflow-init-1  | [2026-06-11T21:47:03.254+0000] {override.py:1688} INFO - Added Permission can edit on Task Instances to role User
airflow-init-1  | [2026-06-11T21:47:03.256+0000] {override.py:1637} INFO - Created Permission View: can delete on Task Instances
airflow-init-1  | [2026-06-11T21:47:03.257+0000] {override.py:1688} INFO - Added Permission can delete on Task Instances to role User
airflow-init-1  | [2026-06-11T21:47:03.259+0000] {override.py:1637} INFO - Created Permission View: can create on DAG Runs
airflow-init-1  | [2026-06-11T21:47:03.260+0000] {override.py:1688} INFO - Added Permission can create on DAG Runs to role User
airflow-init-1  | [2026-06-11T21:47:03.262+0000] {override.py:1637} INFO - Created Permission View: can edit on DAG Runs
airflow-init-1  | [2026-06-11T21:47:03.263+0000] {override.py:1688} INFO - Added Permission can edit on DAG Runs to role User
airflow-init-1  | [2026-06-11T21:47:03.265+0000] {override.py:1637} INFO - Created Permission View: can delete on DAG Runs
airflow-init-1  | [2026-06-11T21:47:03.266+0000] {override.py:1688} INFO - Added Permission can delete on DAG Runs to role User
airflow-init-1  | [2026-06-11T21:47:03.268+0000] {override.py:1637} INFO - Created Permission View: can create on Assets
airflow-init-1  | [2026-06-11T21:47:03.269+0000] {override.py:1688} INFO - Added Permission can create on Assets to role User
airflow-init-1  | [2026-06-11T21:47:03.270+0000] {override.py:1264} INFO - Inserted Role: Op
airflow-init-1  | [2026-06-11T21:47:03.273+0000] {override.py:1688} INFO - Added Permission can read on DAGs to role Op
airflow-init-1  | [2026-06-11T21:47:03.276+0000] {override.py:1688} INFO - Added Permission can read on DAG Dependencies to role Op
airflow-init-1  | [2026-06-11T21:47:03.278+0000] {override.py:1688} INFO - Added Permission can read on DAG Code to role Op
airflow-init-1  | [2026-06-11T21:47:03.280+0000] {override.py:1688} INFO - Added Permission can read on DAG Runs to role Op
airflow-init-1  | [2026-06-11T21:47:03.282+0000] {override.py:1688} INFO - Added Permission can read on DAG Versions to role Op
airflow-init-1  | [2026-06-11T21:47:03.284+0000] {override.py:1688} INFO - Added Permission can read on DAG Warnings to role Op
airflow-init-1  | [2026-06-11T21:47:03.285+0000] {override.py:1688} INFO - Added Permission can read on Assets to role Op
airflow-init-1  | [2026-06-11T21:47:03.287+0000] {override.py:1688} INFO - Added Permission can read on Asset Aliases to role Op
airflow-init-1  | [2026-06-11T21:47:03.289+0000] {override.py:1688} INFO - Added Permission can read on Backfills to role Op
airflow-init-1  | [2026-06-11T21:47:03.291+0000] {override.py:1688} INFO - Added Permission can read on Cluster Activity to role Op
airflow-init-1  | [2026-06-11T21:47:03.294+0000] {override.py:1688} INFO - Added Permission can read on Configurations to role Op
airflow-init-1  | [2026-06-11T21:47:03.296+0000] {override.py:1688} INFO - Added Permission can read on Pools to role Op
airflow-init-1  | [2026-06-11T21:47:03.298+0000] {override.py:1688} INFO - Added Permission can read on ImportError to role Op
airflow-init-1  | [2026-06-11T21:47:03.300+0000] {override.py:1688} INFO - Added Permission can read on Jobs to role Op
airflow-init-1  | [2026-06-11T21:47:03.302+0000] {override.py:1688} INFO - Added Permission can read on My Password to role Op
airflow-init-1  | [2026-06-11T21:47:03.303+0000] {override.py:1688} INFO - Added Permission can edit on My Password to role Op
airflow-init-1  | [2026-06-11T21:47:03.305+0000] {override.py:1688} INFO - Added Permission can read on My Profile to role Op
airflow-init-1  | [2026-06-11T21:47:03.307+0000] {override.py:1688} INFO - Added Permission can edit on My Profile to role Op
airflow-init-1  | [2026-06-11T21:47:03.309+0000] {override.py:1688} INFO - Added Permission can read on SLA Misses to role Op
airflow-init-1  | [2026-06-11T21:47:03.311+0000] {override.py:1688} INFO - Added Permission can read on Task Instances to role Op
airflow-init-1  | [2026-06-11T21:47:03.312+0000] {override.py:1688} INFO - Added Permission can read on Task Logs to role Op
airflow-init-1  | [2026-06-11T21:47:03.314+0000] {override.py:1688} INFO - Added Permission can read on XComs to role Op
airflow-init-1  | [2026-06-11T21:47:03.316+0000] {override.py:1688} INFO - Added Permission can read on Website to role Op
airflow-init-1  | [2026-06-11T21:47:03.317+0000] {override.py:1688} INFO - Added Permission menu access on Browse to role Op
airflow-init-1  | [2026-06-11T21:47:03.319+0000] {override.py:1688} INFO - Added Permission menu access on DAGs to role Op
airflow-init-1  | [2026-06-11T21:47:03.321+0000] {override.py:1688} INFO - Added Permission menu access on DAG Dependencies to role Op
airflow-init-1  | [2026-06-11T21:47:03.323+0000] {override.py:1688} INFO - Added Permission menu access on DAG Runs to role Op
airflow-init-1  | [2026-06-11T21:47:03.324+0000] {override.py:1688} INFO - Added Permission menu access on Assets to role Op
airflow-init-1  | [2026-06-11T21:47:03.326+0000] {override.py:1688} INFO - Added Permission menu access on Cluster Activity to role Op
airflow-init-1  | [2026-06-11T21:47:03.328+0000] {override.py:1688} INFO - Added Permission menu access on Documentation to role Op
airflow-init-1  | [2026-06-11T21:47:03.330+0000] {override.py:1688} INFO - Added Permission menu access on Docs to role Op
airflow-init-1  | [2026-06-11T21:47:03.332+0000] {override.py:1688} INFO - Added Permission menu access on Jobs to role Op
airflow-init-1  | [2026-06-11T21:47:03.334+0000] {override.py:1688} INFO - Added Permission menu access on SLA Misses to role Op
airflow-init-1  | [2026-06-11T21:47:03.335+0000] {override.py:1688} INFO - Added Permission menu access on Task Instances to role Op
airflow-init-1  | [2026-06-11T21:47:03.336+0000] {override.py:1688} INFO - Added Permission can edit on DAGs to role Op
airflow-init-1  | [2026-06-11T21:47:03.337+0000] {override.py:1688} INFO - Added Permission can delete on DAGs to role Op
airflow-init-1  | [2026-06-11T21:47:03.339+0000] {override.py:1688} INFO - Added Permission can create on Task Instances to role Op
airflow-init-1  | [2026-06-11T21:47:03.341+0000] {override.py:1688} INFO - Added Permission can edit on Task Instances to role Op
airflow-init-1  | [2026-06-11T21:47:03.342+0000] {override.py:1688} INFO - Added Permission can delete on Task Instances to role Op
airflow-init-1  | [2026-06-11T21:47:03.344+0000] {override.py:1688} INFO - Added Permission can create on DAG Runs to role Op
airflow-init-1  | [2026-06-11T21:47:03.346+0000] {override.py:1688} INFO - Added Permission can edit on DAG Runs to role Op
airflow-init-1  | [2026-06-11T21:47:03.349+0000] {override.py:1688} INFO - Added Permission can delete on DAG Runs to role Op
airflow-init-1  | [2026-06-11T21:47:03.351+0000] {override.py:1688} INFO - Added Permission can create on Assets to role Op
airflow-init-1  | [2026-06-11T21:47:03.353+0000] {override.py:1637} INFO - Created Permission View: menu access on Admin
airflow-init-1  | [2026-06-11T21:47:03.354+0000] {override.py:1688} INFO - Added Permission menu access on Admin to role Op
airflow-init-1  | [2026-06-11T21:47:03.356+0000] {override.py:1637} INFO - Created Permission View: menu access on Configurations
airflow-init-1  | [2026-06-11T21:47:03.358+0000] {override.py:1688} INFO - Added Permission menu access on Configurations to role Op
airflow-init-1  | [2026-06-11T21:47:03.360+0000] {override.py:1637} INFO - Created Permission View: menu access on Connections
airflow-init-1  | [2026-06-11T21:47:03.361+0000] {override.py:1688} INFO - Added Permission menu access on Connections to role Op
airflow-init-1  | [2026-06-11T21:47:03.362+0000] {override.py:1637} INFO - Created Permission View: menu access on Pools
airflow-init-1  | [2026-06-11T21:47:03.363+0000] {override.py:1688} INFO - Added Permission menu access on Pools to role Op
airflow-init-1  | [2026-06-11T21:47:03.365+0000] {override.py:1637} INFO - Created Permission View: menu access on Plugins
airflow-init-1  | [2026-06-11T21:47:03.366+0000] {override.py:1688} INFO - Added Permission menu access on Plugins to role Op
airflow-init-1  | [2026-06-11T21:47:03.368+0000] {override.py:1637} INFO - Created Permission View: menu access on Variables
airflow-init-1  | [2026-06-11T21:47:03.369+0000] {override.py:1688} INFO - Added Permission menu access on Variables to role Op
airflow-init-1  | [2026-06-11T21:47:03.371+0000] {override.py:1637} INFO - Created Permission View: menu access on Providers
airflow-init-1  | [2026-06-11T21:47:03.372+0000] {override.py:1688} INFO - Added Permission menu access on Providers to role Op
airflow-init-1  | [2026-06-11T21:47:03.374+0000] {override.py:1637} INFO - Created Permission View: menu access on XComs
airflow-init-1  | [2026-06-11T21:47:03.375+0000] {override.py:1688} INFO - Added Permission menu access on XComs to role Op
airflow-init-1  | [2026-06-11T21:47:03.376+0000] {override.py:1637} INFO - Created Permission View: can create on Connections
airflow-init-1  | [2026-06-11T21:47:03.377+0000] {override.py:1688} INFO - Added Permission can create on Connections to role Op
airflow-init-1  | [2026-06-11T21:47:03.379+0000] {override.py:1637} INFO - Created Permission View: can read on Connections
airflow-init-1  | [2026-06-11T21:47:03.380+0000] {override.py:1688} INFO - Added Permission can read on Connections to role Op
airflow-init-1  | [2026-06-11T21:47:03.382+0000] {override.py:1637} INFO - Created Permission View: can edit on Connections
airflow-init-1  | [2026-06-11T21:47:03.383+0000] {override.py:1688} INFO - Added Permission can edit on Connections to role Op
airflow-init-1  | [2026-06-11T21:47:03.385+0000] {override.py:1637} INFO - Created Permission View: can delete on Connections
airflow-init-1  | [2026-06-11T21:47:03.386+0000] {override.py:1688} INFO - Added Permission can delete on Connections to role Op
airflow-init-1  | [2026-06-11T21:47:03.388+0000] {override.py:1637} INFO - Created Permission View: can create on Pools
airflow-init-1  | [2026-06-11T21:47:03.389+0000] {override.py:1688} INFO - Added Permission can create on Pools to role Op
airflow-init-1  | [2026-06-11T21:47:03.390+0000] {override.py:1637} INFO - Created Permission View: can edit on Pools
airflow-init-1  | [2026-06-11T21:47:03.391+0000] {override.py:1688} INFO - Added Permission can edit on Pools to role Op
airflow-init-1  | [2026-06-11T21:47:03.393+0000] {override.py:1637} INFO - Created Permission View: can delete on Pools
airflow-init-1  | [2026-06-11T21:47:03.394+0000] {override.py:1688} INFO - Added Permission can delete on Pools to role Op
airflow-init-1  | [2026-06-11T21:47:03.396+0000] {override.py:1637} INFO - Created Permission View: can read on Plugins
airflow-init-1  | [2026-06-11T21:47:03.398+0000] {override.py:1688} INFO - Added Permission can read on Plugins to role Op
airflow-init-1  | [2026-06-11T21:47:03.400+0000] {override.py:1637} INFO - Created Permission View: can read on Providers
airflow-init-1  | [2026-06-11T21:47:03.401+0000] {override.py:1688} INFO - Added Permission can read on Providers to role Op
airflow-init-1  | [2026-06-11T21:47:03.404+0000] {override.py:1637} INFO - Created Permission View: can create on Variables
airflow-init-1  | [2026-06-11T21:47:03.406+0000] {override.py:1688} INFO - Added Permission can create on Variables to role Op
airflow-init-1  | [2026-06-11T21:47:03.408+0000] {override.py:1637} INFO - Created Permission View: can read on Variables
airflow-init-1  | [2026-06-11T21:47:03.410+0000] {override.py:1688} INFO - Added Permission can read on Variables to role Op
airflow-init-1  | [2026-06-11T21:47:03.412+0000] {override.py:1637} INFO - Created Permission View: can edit on Variables
airflow-init-1  | [2026-06-11T21:47:03.413+0000] {override.py:1688} INFO - Added Permission can edit on Variables to role Op
airflow-init-1  | [2026-06-11T21:47:03.416+0000] {override.py:1637} INFO - Created Permission View: can delete on Variables
airflow-init-1  | [2026-06-11T21:47:03.417+0000] {override.py:1688} INFO - Added Permission can delete on Variables to role Op
airflow-init-1  | [2026-06-11T21:47:03.419+0000] {override.py:1637} INFO - Created Permission View: can delete on XComs
airflow-init-1  | [2026-06-11T21:47:03.420+0000] {override.py:1688} INFO - Added Permission can delete on XComs to role Op
airflow-init-1  | [2026-06-11T21:47:03.423+0000] {override.py:1637} INFO - Created Permission View: can delete on Assets
airflow-init-1  | [2026-06-11T21:47:03.425+0000] {override.py:1688} INFO - Added Permission can delete on Assets to role Op
airflow-init-1  | [2026-06-11T21:47:03.427+0000] {override.py:1637} INFO - Created Permission View: can create on Backfills
airflow-init-1  | [2026-06-11T21:47:03.428+0000] {override.py:1688} INFO - Added Permission can create on Backfills to role Op
airflow-init-1  | [2026-06-11T21:47:03.432+0000] {override.py:1637} INFO - Created Permission View: can edit on Backfills
airflow-init-1  | [2026-06-11T21:47:03.434+0000] {override.py:1688} INFO - Added Permission can edit on Backfills to role Op
airflow-init-1  | [2026-06-11T21:47:03.436+0000] {override.py:1637} INFO - Created Permission View: can delete on Backfills
airflow-init-1  | [2026-06-11T21:47:03.437+0000] {override.py:1688} INFO - Added Permission can delete on Backfills to role Op
airflow-init-1  | [2026-06-11T21:47:03.438+0000] {override.py:1688} INFO - Added Permission can read on DAGs to role Admin
airflow-init-1  | [2026-06-11T21:47:03.441+0000] {override.py:1688} INFO - Added Permission can read on DAG Dependencies to role Admin
airflow-init-1  | [2026-06-11T21:47:03.443+0000] {override.py:1688} INFO - Added Permission can read on DAG Code to role Admin
airflow-init-1  | [2026-06-11T21:47:03.446+0000] {override.py:1688} INFO - Added Permission can read on DAG Runs to role Admin
airflow-init-1  | [2026-06-11T21:47:03.449+0000] {override.py:1688} INFO - Added Permission can read on DAG Versions to role Admin
airflow-init-1  | [2026-06-11T21:47:03.453+0000] {override.py:1688} INFO - Added Permission can read on DAG Warnings to role Admin
airflow-init-1  | [2026-06-11T21:47:03.456+0000] {override.py:1688} INFO - Added Permission can read on Assets to role Admin
airflow-init-1  | [2026-06-11T21:47:03.459+0000] {override.py:1688} INFO - Added Permission can read on Asset Aliases to role Admin
airflow-init-1  | [2026-06-11T21:47:03.461+0000] {override.py:1688} INFO - Added Permission can read on Backfills to role Admin
airflow-init-1  | [2026-06-11T21:47:03.464+0000] {override.py:1688} INFO - Added Permission can read on Cluster Activity to role Admin
airflow-init-1  | [2026-06-11T21:47:03.467+0000] {override.py:1688} INFO - Added Permission can read on Configurations to role Admin
airflow-init-1  | [2026-06-11T21:47:03.469+0000] {override.py:1688} INFO - Added Permission can read on Pools to role Admin
airflow-init-1  | [2026-06-11T21:47:03.471+0000] {override.py:1688} INFO - Added Permission can read on ImportError to role Admin
airflow-init-1  | [2026-06-11T21:47:03.472+0000] {override.py:1688} INFO - Added Permission can read on Jobs to role Admin
airflow-init-1  | [2026-06-11T21:47:03.474+0000] {override.py:1688} INFO - Added Permission can read on My Password to role Admin
airflow-init-1  | [2026-06-11T21:47:03.476+0000] {override.py:1688} INFO - Added Permission can edit on My Password to role Admin
airflow-init-1  | [2026-06-11T21:47:03.479+0000] {override.py:1688} INFO - Added Permission can read on My Profile to role Admin
airflow-init-1  | [2026-06-11T21:47:03.481+0000] {override.py:1688} INFO - Added Permission can edit on My Profile to role Admin
airflow-init-1  | [2026-06-11T21:47:03.484+0000] {override.py:1688} INFO - Added Permission can read on SLA Misses to role Admin
airflow-init-1  | [2026-06-11T21:47:03.487+0000] {override.py:1688} INFO - Added Permission can read on Task Instances to role Admin
airflow-init-1  | [2026-06-11T21:47:03.489+0000] {override.py:1688} INFO - Added Permission can read on Task Logs to role Admin
airflow-init-1  | [2026-06-11T21:47:03.492+0000] {override.py:1688} INFO - Added Permission can read on XComs to role Admin
airflow-init-1  | [2026-06-11T21:47:03.495+0000] {override.py:1688} INFO - Added Permission can read on Website to role Admin
airflow-init-1  | [2026-06-11T21:47:03.498+0000] {override.py:1688} INFO - Added Permission menu access on Browse to role Admin
airflow-init-1  | [2026-06-11T21:47:03.501+0000] {override.py:1688} INFO - Added Permission menu access on DAGs to role Admin
airflow-init-1  | [2026-06-11T21:47:03.504+0000] {override.py:1688} INFO - Added Permission menu access on DAG Dependencies to role Admin
airflow-init-1  | [2026-06-11T21:47:03.507+0000] {override.py:1688} INFO - Added Permission menu access on DAG Runs to role Admin
airflow-init-1  | [2026-06-11T21:47:03.511+0000] {override.py:1688} INFO - Added Permission menu access on Assets to role Admin
airflow-init-1  | [2026-06-11T21:47:03.515+0000] {override.py:1688} INFO - Added Permission menu access on Cluster Activity to role Admin
airflow-init-1  | [2026-06-11T21:47:03.521+0000] {override.py:1688} INFO - Added Permission menu access on Documentation to role Admin
airflow-init-1  | [2026-06-11T21:47:03.528+0000] {override.py:1688} INFO - Added Permission menu access on Docs to role Admin
airflow-init-1  | [2026-06-11T21:47:03.539+0000] {override.py:1688} INFO - Added Permission menu access on Jobs to role Admin
airflow-init-1  | [2026-06-11T21:47:03.543+0000] {override.py:1688} INFO - Added Permission menu access on SLA Misses to role Admin
airflow-init-1  | [2026-06-11T21:47:03.546+0000] {override.py:1688} INFO - Added Permission menu access on Task Instances to role Admin
airflow-init-1  | [2026-06-11T21:47:03.548+0000] {override.py:1688} INFO - Added Permission can edit on DAGs to role Admin
airflow-init-1  | [2026-06-11T21:47:03.552+0000] {override.py:1688} INFO - Added Permission can delete on DAGs to role Admin
airflow-init-1  | [2026-06-11T21:47:03.556+0000] {override.py:1688} INFO - Added Permission can create on Task Instances to role Admin
airflow-init-1  | [2026-06-11T21:47:03.559+0000] {override.py:1688} INFO - Added Permission can edit on Task Instances to role Admin
airflow-init-1  | [2026-06-11T21:47:03.562+0000] {override.py:1688} INFO - Added Permission can delete on Task Instances to role Admin
airflow-init-1  | [2026-06-11T21:47:03.566+0000] {override.py:1688} INFO - Added Permission can create on DAG Runs to role Admin
airflow-init-1  | [2026-06-11T21:47:03.569+0000] {override.py:1688} INFO - Added Permission can edit on DAG Runs to role Admin
airflow-init-1  | [2026-06-11T21:47:03.571+0000] {override.py:1688} INFO - Added Permission can delete on DAG Runs to role Admin
airflow-init-1  | [2026-06-11T21:47:03.573+0000] {override.py:1688} INFO - Added Permission can create on Assets to role Admin
airflow-init-1  | [2026-06-11T21:47:03.576+0000] {override.py:1688} INFO - Added Permission menu access on Admin to role Admin
airflow-init-1  | [2026-06-11T21:47:03.577+0000] {override.py:1688} INFO - Added Permission menu access on Configurations to role Admin
airflow-init-1  | [2026-06-11T21:47:03.579+0000] {override.py:1688} INFO - Added Permission menu access on Connections to role Admin
airflow-init-1  | [2026-06-11T21:47:03.581+0000] {override.py:1688} INFO - Added Permission menu access on Pools to role Admin
airflow-init-1  | [2026-06-11T21:47:03.583+0000] {override.py:1688} INFO - Added Permission menu access on Plugins to role Admin
airflow-init-1  | [2026-06-11T21:47:03.585+0000] {override.py:1688} INFO - Added Permission menu access on Variables to role Admin
airflow-init-1  | [2026-06-11T21:47:03.586+0000] {override.py:1688} INFO - Added Permission menu access on Providers to role Admin
airflow-init-1  | [2026-06-11T21:47:03.588+0000] {override.py:1688} INFO - Added Permission menu access on XComs to role Admin
airflow-init-1  | [2026-06-11T21:47:03.590+0000] {override.py:1688} INFO - Added Permission can create on Connections to role Admin
airflow-init-1  | [2026-06-11T21:47:03.592+0000] {override.py:1688} INFO - Added Permission can read on Connections to role Admin
airflow-init-1  | [2026-06-11T21:47:03.594+0000] {override.py:1688} INFO - Added Permission can edit on Connections to role Admin
airflow-init-1  | [2026-06-11T21:47:03.596+0000] {override.py:1688} INFO - Added Permission can delete on Connections to role Admin
airflow-init-1  | [2026-06-11T21:47:03.598+0000] {override.py:1688} INFO - Added Permission can create on Pools to role Admin
airflow-init-1  | [2026-06-11T21:47:03.599+0000] {override.py:1688} INFO - Added Permission can edit on Pools to role Admin
airflow-init-1  | [2026-06-11T21:47:03.601+0000] {override.py:1688} INFO - Added Permission can delete on Pools to role Admin
airflow-init-1  | [2026-06-11T21:47:03.603+0000] {override.py:1688} INFO - Added Permission can read on Plugins to role Admin
airflow-init-1  | [2026-06-11T21:47:03.606+0000] {override.py:1688} INFO - Added Permission can read on Providers to role Admin
airflow-init-1  | [2026-06-11T21:47:03.609+0000] {override.py:1688} INFO - Added Permission can create on Variables to role Admin
airflow-init-1  | [2026-06-11T21:47:03.611+0000] {override.py:1688} INFO - Added Permission can read on Variables to role Admin
airflow-init-1  | [2026-06-11T21:47:03.613+0000] {override.py:1688} INFO - Added Permission can edit on Variables to role Admin
airflow-init-1  | [2026-06-11T21:47:03.615+0000] {override.py:1688} INFO - Added Permission can delete on Variables to role Admin
airflow-init-1  | [2026-06-11T21:47:03.617+0000] {override.py:1688} INFO - Added Permission can delete on XComs to role Admin
airflow-init-1  | [2026-06-11T21:47:03.620+0000] {override.py:1688} INFO - Added Permission can delete on Assets to role Admin
airflow-init-1  | [2026-06-11T21:47:03.622+0000] {override.py:1688} INFO - Added Permission can create on Backfills to role Admin
airflow-init-1  | [2026-06-11T21:47:03.624+0000] {override.py:1688} INFO - Added Permission can edit on Backfills to role Admin
airflow-init-1  | [2026-06-11T21:47:03.626+0000] {override.py:1688} INFO - Added Permission can delete on Backfills to role Admin
airflow-init-1  | [2026-06-11T21:47:03.628+0000] {override.py:1637} INFO - Created Permission View: can read on Audit Logs
airflow-init-1  | [2026-06-11T21:47:03.629+0000] {override.py:1688} INFO - Added Permission can read on Audit Logs to role Admin
airflow-init-1  | [2026-06-11T21:47:03.631+0000] {override.py:1637} INFO - Created Permission View: menu access on Audit Logs
airflow-init-1  | [2026-06-11T21:47:03.632+0000] {override.py:1688} INFO - Added Permission menu access on Audit Logs to role Admin
airflow-init-1  | [2026-06-11T21:47:03.634+0000] {override.py:1637} INFO - Created Permission View: can read on Task Reschedules
airflow-init-1  | [2026-06-11T21:47:03.635+0000] {override.py:1688} INFO - Added Permission can read on Task Reschedules to role Admin
airflow-init-1  | [2026-06-11T21:47:03.637+0000] {override.py:1637} INFO - Created Permission View: menu access on Task Reschedules
airflow-init-1  | [2026-06-11T21:47:03.638+0000] {override.py:1688} INFO - Added Permission menu access on Task Reschedules to role Admin
airflow-init-1  | [2026-06-11T21:47:03.640+0000] {override.py:1637} INFO - Created Permission View: can read on Triggers
airflow-init-1  | [2026-06-11T21:47:03.640+0000] {override.py:1688} INFO - Added Permission can read on Triggers to role Admin
airflow-init-1  | [2026-06-11T21:47:03.642+0000] {override.py:1637} INFO - Created Permission View: menu access on Triggers
airflow-init-1  | [2026-06-11T21:47:03.643+0000] {override.py:1688} INFO - Added Permission menu access on Triggers to role Admin
airflow-init-1  | [2026-06-11T21:47:03.645+0000] {override.py:1637} INFO - Created Permission View: can read on Passwords
airflow-init-1  | [2026-06-11T21:47:03.646+0000] {override.py:1688} INFO - Added Permission can read on Passwords to role Admin
airflow-init-1  | [2026-06-11T21:47:03.648+0000] {override.py:1637} INFO - Created Permission View: can edit on Passwords
airflow-init-1  | [2026-06-11T21:47:03.649+0000] {override.py:1688} INFO - Added Permission can edit on Passwords to role Admin
airflow-init-1  | [2026-06-11T21:47:03.651+0000] {override.py:1637} INFO - Created Permission View: can read on Roles
airflow-init-1  | [2026-06-11T21:47:03.652+0000] {override.py:1688} INFO - Added Permission can read on Roles to role Admin
airflow-init-1  | [2026-06-11T21:47:03.654+0000] {override.py:1637} INFO - Created Permission View: can edit on Roles
airflow-init-1  | [2026-06-11T21:47:03.655+0000] {override.py:1688} INFO - Added Permission can edit on Roles to role Admin
airflow-init-1  | [2026-06-11T21:47:03.734+0000] {override.py:1637} INFO - Created Permission View: can create on Users
airflow-init-1  | [2026-06-11T21:47:03.737+0000] {override.py:1688} INFO - Added Permission can create on Users to role Admin
airflow-init-1  | [2026-06-11T21:47:03.739+0000] {override.py:1637} INFO - Created Permission View: can read on Users
airflow-init-1  | [2026-06-11T21:47:03.741+0000] {override.py:1688} INFO - Added Permission can read on Users to role Admin
airflow-init-1  | [2026-06-11T21:47:03.743+0000] {override.py:1637} INFO - Created Permission View: can edit on Users
airflow-init-1  | [2026-06-11T21:47:03.746+0000] {override.py:1688} INFO - Added Permission can edit on Users to role Admin
airflow-init-1  | [2026-06-11T21:47:03.748+0000] {override.py:1637} INFO - Created Permission View: can delete on Users
airflow-init-1  | [2026-06-11T21:47:03.750+0000] {override.py:1688} INFO - Added Permission can delete on Users to role Admin
airflow-init-1  | [2026-06-11T21:47:03.756+0000] {override.py:1637} INFO - Created Permission View: menu access on List Users
airflow-init-1  | [2026-06-11T21:47:03.759+0000] {override.py:1688} INFO - Added Permission menu access on List Users to role Admin
airflow-init-1  | [2026-06-11T21:47:03.763+0000] {override.py:1637} INFO - Created Permission View: menu access on Security
airflow-init-1  | [2026-06-11T21:47:03.766+0000] {override.py:1688} INFO - Added Permission menu access on Security to role Admin
airflow-init-1  | [2026-06-11T21:47:03.777+0000] {override.py:1637} INFO - Created Permission View: can create on Roles
airflow-init-1  | [2026-06-11T21:47:03.778+0000] {override.py:1688} INFO - Added Permission can create on Roles to role Admin
airflow-init-1  | [2026-06-11T21:47:03.780+0000] {override.py:1637} INFO - Created Permission View: can delete on Roles
airflow-init-1  | [2026-06-11T21:47:03.781+0000] {override.py:1688} INFO - Added Permission can delete on Roles to role Admin
airflow-init-1  | [2026-06-11T21:47:03.786+0000] {override.py:1637} INFO - Created Permission View: menu access on List Roles
airflow-init-1  | [2026-06-11T21:47:03.791+0000] {override.py:1688} INFO - Added Permission menu access on List Roles to role Admin
airflow-init-1  | [2026-06-11T21:47:03.899+0000] {override.py:1637} INFO - Created Permission View: can read on User Stats Chart
airflow-init-1  | [2026-06-11T21:47:03.903+0000] {override.py:1688} INFO - Added Permission can read on User Stats Chart to role Admin
airflow-init-1  | [2026-06-11T21:47:03.909+0000] {override.py:1637} INFO - Created Permission View: menu access on User's Statistics
airflow-init-1  | [2026-06-11T21:47:03.922+0000] {override.py:1688} INFO - Added Permission menu access on User's Statistics to role Admin
airflow-init-1  | [2026-06-11T21:47:03.944+0000] {override.py:1637} INFO - Created Permission View: can read on Permissions
airflow-init-1  | [2026-06-11T21:47:03.948+0000] {override.py:1688} INFO - Added Permission can read on Permissions to role Admin
airflow-init-1  | [2026-06-11T21:47:03.951+0000] {override.py:1637} INFO - Created Permission View: menu access on Actions
airflow-init-1  | [2026-06-11T21:47:03.954+0000] {override.py:1688} INFO - Added Permission menu access on Actions to role Admin
airflow-init-1  | [2026-06-11T21:47:03.967+0000] {override.py:1637} INFO - Created Permission View: can read on View Menus
airflow-init-1  | [2026-06-11T21:47:03.972+0000] {override.py:1688} INFO - Added Permission can read on View Menus to role Admin
airflow-init-1  | [2026-06-11T21:47:03.976+0000] {override.py:1637} INFO - Created Permission View: menu access on Resources
airflow-init-1  | [2026-06-11T21:47:03.978+0000] {override.py:1688} INFO - Added Permission menu access on Resources to role Admin
airflow-init-1  | [2026-06-11T21:47:03.992+0000] {override.py:1637} INFO - Created Permission View: can read on Permission Views
airflow-init-1  | [2026-06-11T21:47:03.995+0000] {override.py:1688} INFO - Added Permission can read on Permission Views to role Admin
airflow-init-1  | [2026-06-11T21:47:03.999+0000] {override.py:1637} INFO - Created Permission View: menu access on Permission Pairs
airflow-init-1  | [2026-06-11T21:47:04.002+0000] {override.py:1688} INFO - Added Permission menu access on Permission Pairs to role Admin
airflow-init-1  | [2026-06-11T21:47:04.809+0000] {override.py:1362} INFO - Added user airflow
airflow-init-1  | User "airflow" created with role "Admin"
airflow-init-1  | 3.0.3
airflow-init-1  | 
airflow-init-1  | Files in shared volumes:
airflow-init-1  | 
airflow-init-1  | /opt/airflow/config:
airflow-init-1  | total 116
airflow-init-1  | drwxr-xr-x 3 root    root     96 Jun 11 21:46 .
airflow-init-1  | drwxrwxr-x 1 airflow root   4096 Jun 11 21:46 ..
airflow-init-1  | -rw------- 1 root    root 110875 Jun 11 21:46 airflow.cfg
airflow-init-1  | 
airflow-init-1  | /opt/airflow/dags:
airflow-init-1  | total 8
airflow-init-1  | drwxr-xr-x 3 root    root   96 Jun 11 21:40 .
airflow-init-1  | drwxrwxr-x 1 airflow root 4096 Jun 11 21:46 ..
airflow-init-1  | -rw-r--r-- 1 root    root 1439 Jun 11 21:40 churn_pipeline.py
airflow-init-1  | 
airflow-init-1  | /opt/airflow/logs:
airflow-init-1  | total 4
airflow-init-1  | drwxr-xr-x 2 root    root   64 Jun 11 21:39 .
airflow-init-1  | drwxrwxr-x 1 airflow root 4096 Jun 11 21:46 ..
airflow-init-1  | 
airflow-init-1  | /opt/airflow/plugins:
airflow-init-1  | total 4
airflow-init-1  | drwxr-xr-x 2 root    root   64 Jun 11 21:39 .
airflow-init-1  | drwxrwxr-x 1 airflow root 4096 Jun 11 21:46 ..
airflow-init-1  | 
airflow-init-1  | Running airflow config list to create default config file if missing.
airflow-init-1  | 
airflow-init-1  | The container is run as root user. For security, consider using a regular user account.
airflow-init-1  | /home/airflow/.local/lib/python3.12/site-packages/flask_limiter/extension.py:324 UserWarning: Using the in-memory storage for tracking rate limits as no storage was explicitly specified. This is not recommended for production use. See: https://flask-limiter.readthedocs.io#configuring-a-storage-backend for documentation about configuring the storage backend.
airflow-init-1  | 
airflow-init-1  | Files in shared volumes:
airflow-init-1  | 
airflow-init-1  | /opt/airflow/config:
airflow-init-1  | total 116
airflow-init-1  | drwxr-xr-x 3 root    root     96 Jun 11 21:46 .
airflow-init-1  | drwxrwxr-x 1 airflow root   4096 Jun 11 21:46 ..
airflow-init-1  | -rw------- 1 root    root 110875 Jun 11 21:46 airflow.cfg
airflow-init-1  | 
airflow-init-1  | /opt/airflow/dags:
airflow-init-1  | total 8
airflow-init-1  | drwxr-xr-x 3 root    root   96 Jun 11 21:40 .
airflow-init-1  | drwxrwxr-x 1 airflow root 4096 Jun 11 21:46 ..
airflow-init-1  | -rw-r--r-- 1 root    root 1439 Jun 11 21:40 churn_pipeline.py
airflow-init-1  | 
airflow-init-1  | /opt/airflow/logs:
airflow-init-1  | total 4
airflow-init-1  | drwxr-xr-x 2 root    root   64 Jun 11 21:39 .
airflow-init-1  | drwxrwxr-x 1 airflow root 4096 Jun 11 21:46 ..
airflow-init-1  | 
airflow-init-1  | /opt/airflow/plugins:
airflow-init-1  | total 4
airflow-init-1  | drwxr-xr-x 2 root    root   64 Jun 11 21:39 .
airflow-init-1  | drwxrwxr-x 1 airflow root 4096 Jun 11 21:46 ..
airflow-init-1  | 
airflow-init-1  | Change ownership of files in /opt/airflow to 50000:0
airflow-init-1  | 
airflow-init-1  | 
airflow-init-1  | Change ownership of files in shared volumes to 50000:0
airflow-init-1  | 
airflow-init-1  | ownership of '/opt/airflow/logs' retained as airflow:root
airflow-init-1  | ownership of '/opt/airflow/dags/churn_pipeline.py' retained as airflow:root
airflow-init-1  | ownership of '/opt/airflow/dags' retained as airflow:root
airflow-init-1  | ownership of '/opt/airflow/plugins' retained as airflow:root
airflow-init-1  | ownership of '/opt/airflow/config/airflow.cfg' retained as airflow:root
airflow-init-1  | ownership of '/opt/airflow/config' retained as airflow:root
airflow-init-1  | 
airflow-init-1  | Files in shared volumes:
airflow-init-1  | 
airflow-init-1  | /opt/airflow/config:
airflow-init-1  | total 116
airflow-init-1  | drwxr-xr-x 3 airflow root     96 Jun 11 21:46 .
airflow-init-1  | drwxrwxr-x 1 airflow root   4096 Jun 11 21:46 ..
airflow-init-1  | -rw------- 1 airflow root 110875 Jun 11 21:46 airflow.cfg
airflow-init-1  | 
airflow-init-1  | /opt/airflow/dags:
airflow-init-1  | total 8
airflow-init-1  | drwxr-xr-x 3 airflow root   96 Jun 11 21:40 .
airflow-init-1  | drwxrwxr-x 1 airflow root 4096 Jun 11 21:46 ..
airflow-init-1  | -rw-r--r-- 1 airflow root 1439 Jun 11 21:40 churn_pipeline.py
airflow-init-1  | 
airflow-init-1  | /opt/airflow/logs:
airflow-init-1  | total 4
airflow-init-1  | drwxr-xr-x 2 airflow root   64 Jun 11 21:39 .
airflow-init-1  | drwxrwxr-x 1 airflow root 4096 Jun 11 21:46 ..
airflow-init-1  | 
airflow-init-1  | /opt/airflow/plugins:
airflow-init-1  | total 4
airflow-init-1  | drwxr-xr-x 2 airflow root   64 Jun 11 21:39 .
airflow-init-1  | drwxrwxr-x 1 airflow root 4096 Jun 11 21:46 ..
[Kairflow-init-1 exited with code 0
